DROP TABLE  conditions;
DROP TABLE defects;
DROP TABLE materials;
DROP TABLE structural_components;
DROP TABLE structures;
DROP TABLE structure_components;
DROP TABLE subcomponents;

CREATE TABLE components (
    id VARCHAR(50) PRIMARY KEY NOT NULL,
    name VARCHAR(255) NOT NULL
);

CREATE TABLE conditions (
    id VARCHAR(50) PRIMARY KEY NOT NULL,
    description TEXT,
    type VARCHAR(50) NOT NULL,
    defect_id VARCHAR(50) NOT NULL
);

CREATE TABLE defects (
    id VARCHAR(50) PRIMARY KEY NOT NULL,
    name VARCHAR(255) NOT NULL,
    number INT
);

CREATE TABLE structure_and_components (
    id SERIAL PRIMARY KEY,
    structure_id VARCHAR(50) NOT NULL,
    component_id VARCHAR(50) NOT NULL
);

CREATE TABLE structures (
    id VARCHAR(50) PRIMARY KEY NOT NULL,
    name VARCHAR(255) NOT NULL,
    type VARCHAR(50) NOT NULL,
    "primary_owner" VARCHAR(255),
    "caltrans_bridge_no" VARCHAR(255),
    "postmile" DOUBLE PRECISION,
    "begin_stationing" TEXT,
    "end_stationing" TEXT
);

CREATE TABLE sub_component_and_defects (
    id SERIAL PRIMARY KEY,
    sub_component_id VARCHAR(255) NOT NULL,
    defect_id VARCHAR(255) NOT NULL
);

CREATE TABLE sub_components (
    id VARCHAR(50) PRIMARY KEY NOT NULL,
    name VARCHAR(255) NOT NULL,
    number INT,
    fdot_bhi_value INT,
    description TEXT,
    measure_unit VARCHAR(50),
    component_id VARCHAR(50) NOT NULL,
    group_name VARCHAR(50)
);

INSERT INTO "sub_component_and_defects" ("sub_component_id","defect_id") VALUES ('TunnelSubComponent_2','Defect_1(Tunnels)'),
 ('TunnelSubComponent_3','Defect_1(Tunnels)'),
 ('TunnelSubComponent_4','Defect_1(Tunnels)'),
 ('TunnelSubComponent_11','Defect_1(Tunnels)'),
 ('TunnelSubComponent_12','Defect_1(Tunnels)'),
 ('TunnelSubComponent_15','Defect_1(Tunnels)'),
 ('TunnelSubComponent_18','Defect_1(Tunnels)'),
 ('TunnelSubComponent_19','Defect_1(Tunnels)'),
 ('TunnelSubComponent_24','Defect_1(Tunnels)'),
 ('TunnelSubComponent_26','Defect_1(Tunnels)'),
 ('TunnelSubComponent_29','Defect_1(Tunnels)'),
 ('TunnelSubComponent_32','Defect_1(Tunnels)'),
 ('TunnelSubComponent_33','Defect_1(Tunnels)'),
 ('TunnelSubComponent_38','Defect_1(Tunnels)'),
 ('TunnelSubComponent_40','Defect_1(Tunnels)'),
 ('TunnelSubComponent_42','Defect_1(Tunnels)'),
 ('TunnelSubComponent_45','Defect_1(Tunnels)'),
 ('TunnelSubComponent_46','Defect_1(Tunnels)'),
 ('BridgeSubComponent_1','Defect_1(Bridges)'),
 ('BridgeSubComponent_2','Defect_1(Bridges)'),
 ('BridgeSubComponent_3','Defect_1(Bridges)'),
 ('BridgeSubComponent_4','Defect_1(Bridges)'),
 ('BridgeSubComponent_9','Defect_1(Bridges)'),
 ('BridgeSubComponent_10','Defect_1(Bridges)'),
 ('BridgeSubComponent_12','Defect_1(Bridges)'),
 ('BridgeSubComponent_13','Defect_1(Bridges)'),
 ('BridgeSubComponent_15','Defect_1(Bridges)'),
 ('BridgeSubComponent_17','Defect_1(Bridges)'),
 ('BridgeSubComponent_18','Defect_1(Bridges)'),
 ('BridgeSubComponent_20','Defect_1(Bridges)'),
 ('BridgeSubComponent_21','Defect_1(Bridges)'),
 ('BridgeSubComponent_22','Defect_1(Bridges)'),
 ('BridgeSubComponent_24','Defect_1(Bridges)'),
 ('BridgeSubComponent_25','Defect_1(Bridges)'),
 ('BridgeSubComponent_27','Defect_1(Bridges)'),
 ('BridgeSubComponent_30','Defect_1(Bridges)'),
 ('BridgeSubComponent_32','Defect_1(Bridges)'),
 ('BridgeSubComponent_33','Defect_1(Bridges)'),
 ('BridgeSubComponent_34','Defect_1(Bridges)'),
 ('BridgeSubComponent_38','Defect_1(Bridges)'),
 ('BridgeSubComponent_39','Defect_1(Bridges)'),
 ('BridgeSubComponent_41','Defect_1(Bridges)'),
 ('BridgeSubComponent_43','Defect_1(Bridges)'),
 ('BridgeSubComponent_44','Defect_1(Bridges)'),
 ('BridgeSubComponent_46','Defect_1(Bridges)'),
 ('BridgeSubComponent_64','Defect_1(Bridges)'),
 ('BridgeSubComponent_67','Defect_1(Bridges)'),
 ('BridgeSubComponent_70','Defect_1(Bridges)'),
 ('BridgeSubComponent_71','Defect_1(Bridges)'),
 ('BridgeSubComponent_73','Defect_1(Bridges)'),
 ('BridgeSubComponent_75','Defect_1(Bridges)'),
 ('BridgeSubComponent_76','Defect_1(Bridges)'),
 ('BridgeSubComponent_77','Defect_1(Bridges)'),
 ('BridgeSubComponent_81','Defect_1(Bridges)'),
 ('BridgeSubComponent_82','Defect_1(Bridges)'),
 ('BridgeSubComponent_85','Defect_1(Bridges)'),
 ('BridgeSubComponent_87','Defect_1(Bridges)'),
 ('BridgeSubComponent_88','Defect_1(Bridges)'),
 ('BridgeSubComponent_90','Defect_1(Bridges)'),
 ('BridgeSubComponent_95','Defect_1(Bridges)'),
 ('BridgeSubComponent_97','Defect_1(Bridges)'),
 ('BridgeSubComponent_99','Defect_1(Bridges)'),
 ('BridgeSubComponent_101','Defect_1(Bridges)'),
 ('BridgeSubComponent_112','Defect_1(Bridges)'),
 ('BridgeSubComponent_113','Defect_1(Bridges)'),
 ('TunnelSubComponent_2','Defect_2(Tunnels)'),
 ('TunnelSubComponent_3','Defect_2(Tunnels)'),
 ('TunnelSubComponent_4','Defect_2(Tunnels)'),
 ('TunnelSubComponent_11','Defect_2(Tunnels)'),
 ('TunnelSubComponent_12','Defect_2(Tunnels)'),
 ('TunnelSubComponent_15','Defect_2(Tunnels)'),
 ('TunnelSubComponent_18','Defect_2(Tunnels)'),
 ('TunnelSubComponent_19','Defect_2(Tunnels)'),
 ('TunnelSubComponent_24','Defect_2(Tunnels)'),
 ('TunnelSubComponent_26','Defect_2(Tunnels)'),
 ('TunnelSubComponent_29','Defect_2(Tunnels)'),
 ('TunnelSubComponent_32','Defect_2(Tunnels)'),
 ('TunnelSubComponent_33','Defect_2(Tunnels)'),
 ('TunnelSubComponent_38','Defect_2(Tunnels)'),
 ('TunnelSubComponent_40','Defect_2(Tunnels)'),
 ('TunnelSubComponent_42','Defect_2(Tunnels)'),
 ('TunnelSubComponent_45','Defect_2(Tunnels)'),
 ('TunnelSubComponent_46','Defect_2(Tunnels)'),
 ('BridgeSubComponent_1','Defect_2(Bridges)'),
 ('BridgeSubComponent_2','Defect_2(Bridges)'),
 ('BridgeSubComponent_3','Defect_2(Bridges)'),
 ('BridgeSubComponent_4','Defect_2(Bridges)'),
 ('BridgeSubComponent_9','Defect_2(Bridges)'),
 ('BridgeSubComponent_10','Defect_2(Bridges)'),
 ('BridgeSubComponent_15','Defect_2(Bridges)'),
 ('BridgeSubComponent_17','Defect_2(Bridges)'),
 ('BridgeSubComponent_20','Defect_2(Bridges)'),
 ('BridgeSubComponent_21','Defect_2(Bridges)'),
 ('BridgeSubComponent_24','Defect_2(Bridges)'),
 ('BridgeSubComponent_25','Defect_2(Bridges)'),
 ('BridgeSubComponent_33','Defect_2(Bridges)'),
 ('BridgeSubComponent_34','Defect_2(Bridges)'),
 ('BridgeSubComponent_38','Defect_2(Bridges)'),
 ('BridgeSubComponent_39','Defect_2(Bridges)'),
 ('BridgeSubComponent_43','Defect_2(Bridges)'),
 ('BridgeSubComponent_44','Defect_2(Bridges)'),
 ('BridgeSubComponent_64','Defect_2(Bridges)'),
 ('BridgeSubComponent_70','Defect_2(Bridges)'),
 ('BridgeSubComponent_71','Defect_2(Bridges)'),
 ('BridgeSubComponent_76','Defect_2(Bridges)'),
 ('BridgeSubComponent_77','Defect_2(Bridges)'),
 ('BridgeSubComponent_81','Defect_2(Bridges)'),
 ('BridgeSubComponent_85','Defect_2(Bridges)'),
 ('BridgeSubComponent_87','Defect_2(Bridges)'),
 ('BridgeSubComponent_88','Defect_2(Bridges)'),
 ('BridgeSubComponent_95','Defect_2(Bridges)'),
 ('BridgeSubComponent_97','Defect_2(Bridges)'),
 ('BridgeSubComponent_101','Defect_2(Bridges)'),
 ('BridgeSubComponent_112','Defect_2(Bridges)'),
 ('BridgeSubComponent_113','Defect_2(Bridges)'),
 ('BridgeSubComponent_1','Defect_3(Bridges)'),
 ('BridgeSubComponent_2','Defect_3(Bridges)'),
 ('BridgeSubComponent_3','Defect_3(Bridges)'),
 ('BridgeSubComponent_4','Defect_3(Bridges)'),
 ('BridgeSubComponent_9','Defect_3(Bridges)'),
 ('BridgeSubComponent_10','Defect_3(Bridges)'),
 ('BridgeSubComponent_12','Defect_3(Bridges)'),
 ('BridgeSubComponent_13','Defect_3(Bridges)'),
 ('BridgeSubComponent_15','Defect_3(Bridges)'),
 ('BridgeSubComponent_17','Defect_3(Bridges)'),
 ('BridgeSubComponent_18','Defect_3(Bridges)'),
 ('BridgeSubComponent_20','Defect_3(Bridges)'),
 ('BridgeSubComponent_21','Defect_3(Bridges)'),
 ('BridgeSubComponent_22','Defect_3(Bridges)'),
 ('BridgeSubComponent_24','Defect_3(Bridges)'),
 ('BridgeSubComponent_25','Defect_3(Bridges)'),
 ('BridgeSubComponent_27','Defect_3(Bridges)'),
 ('BridgeSubComponent_30','Defect_3(Bridges)'),
 ('BridgeSubComponent_32','Defect_3(Bridges)'),
 ('BridgeSubComponent_33','Defect_3(Bridges)'),
 ('BridgeSubComponent_34','Defect_3(Bridges)'),
 ('BridgeSubComponent_35','Defect_3(Bridges)'),
 ('BridgeSubComponent_38','Defect_3(Bridges)'),
 ('BridgeSubComponent_39','Defect_3(Bridges)'),
 ('BridgeSubComponent_41','Defect_3(Bridges)'),
 ('BridgeSubComponent_43','Defect_3(Bridges)'),
 ('BridgeSubComponent_44','Defect_3(Bridges)'),
 ('BridgeSubComponent_46','Defect_3(Bridges)'),
 ('BridgeSubComponent_64','Defect_3(Bridges)'),
 ('BridgeSubComponent_66','Defect_3(Bridges)'),
 ('BridgeSubComponent_67','Defect_3(Bridges)'),
 ('BridgeSubComponent_70','Defect_3(Bridges)'),
 ('BridgeSubComponent_71','Defect_3(Bridges)'),
 ('BridgeSubComponent_73','Defect_3(Bridges)'),
 ('BridgeSubComponent_75','Defect_3(Bridges)'),
 ('BridgeSubComponent_76','Defect_3(Bridges)'),
 ('BridgeSubComponent_77','Defect_3(Bridges)'),
 ('BridgeSubComponent_81','Defect_3(Bridges)'),
 ('BridgeSubComponent_82','Defect_3(Bridges)'),
 ('BridgeSubComponent_84','Defect_3(Bridges)'),
 ('BridgeSubComponent_85','Defect_3(Bridges)'),
 ('BridgeSubComponent_87','Defect_3(Bridges)'),
 ('BridgeSubComponent_88','Defect_3(Bridges)'),
 ('BridgeSubComponent_90','Defect_3(Bridges)'),
 ('BridgeSubComponent_97','Defect_3(Bridges)'),
 ('BridgeSubComponent_99','Defect_3(Bridges)'),
 ('BridgeSubComponent_100','Defect_3(Bridges)'),
 ('BridgeSubComponent_101','Defect_3(Bridges)'),
 ('TunnelSubComponent_2','Defect_3(Tunnels)'),
 ('TunnelSubComponent_3','Defect_3(Tunnels)'),
 ('TunnelSubComponent_4','Defect_3(Tunnels)'),
 ('TunnelSubComponent_6','Defect_3(Tunnels)'),
 ('TunnelSubComponent_11','Defect_3(Tunnels)'),
 ('TunnelSubComponent_12','Defect_3(Tunnels)'),
 ('TunnelSubComponent_15','Defect_3(Tunnels)'),
 ('TunnelSubComponent_18','Defect_3(Tunnels)'),
 ('TunnelSubComponent_19','Defect_3(Tunnels)'),
 ('TunnelSubComponent_21','Defect_3(Tunnels)'),
 ('TunnelSubComponent_24','Defect_3(Tunnels)'),
 ('TunnelSubComponent_26','Defect_3(Tunnels)'),
 ('TunnelSubComponent_27','Defect_3(Tunnels)'),
 ('TunnelSubComponent_32','Defect_3(Tunnels)'),
 ('TunnelSubComponent_33','Defect_3(Tunnels)'),
 ('TunnelSubComponent_38','Defect_3(Tunnels)'),
 ('TunnelSubComponent_40','Defect_3(Tunnels)'),
 ('TunnelSubComponent_46','Defect_3(Tunnels)'),
 ('BridgeSubComponent_1','Defect_4(Bridges)'),
 ('BridgeSubComponent_4','Defect_4(Bridges)'),
 ('BridgeSubComponent_9','Defect_4(Bridges)'),
 ('BridgeSubComponent_12','Defect_4(Bridges)'),
 ('BridgeSubComponent_13','Defect_4(Bridges)'),
 ('BridgeSubComponent_15','Defect_4(Bridges)'),
 ('BridgeSubComponent_17','Defect_4(Bridges)'),
 ('BridgeSubComponent_21','Defect_4(Bridges)'),
 ('BridgeSubComponent_22','Defect_4(Bridges)'),
 ('BridgeSubComponent_25','Defect_4(Bridges)'),
 ('BridgeSubComponent_27','Defect_4(Bridges)'),
 ('BridgeSubComponent_30','Defect_4(Bridges)'),
 ('BridgeSubComponent_32','Defect_4(Bridges)'),
 ('BridgeSubComponent_34','Defect_4(Bridges)'),
 ('BridgeSubComponent_39','Defect_4(Bridges)'),
 ('BridgeSubComponent_41','Defect_4(Bridges)'),
 ('BridgeSubComponent_44','Defect_4(Bridges)'),
 ('BridgeSubComponent_46','Defect_4(Bridges)'),
 ('BridgeSubComponent_64','Defect_4(Bridges)'),
 ('BridgeSubComponent_67','Defect_4(Bridges)'),
 ('BridgeSubComponent_71','Defect_4(Bridges)'),
 ('BridgeSubComponent_73','Defect_4(Bridges)'),
 ('BridgeSubComponent_75','Defect_4(Bridges)'),
 ('BridgeSubComponent_77','Defect_4(Bridges)'),
 ('BridgeSubComponent_81','Defect_4(Bridges)'),
 ('BridgeSubComponent_82','Defect_4(Bridges)'),
 ('BridgeSubComponent_85','Defect_4(Bridges)'),
 ('BridgeSubComponent_88','Defect_4(Bridges)'),
 ('BridgeSubComponent_90','Defect_4(Bridges)'),
 ('BridgeSubComponent_92','Defect_4(Bridges)'),
 ('BridgeSubComponent_95','Defect_4(Bridges)'),
 ('BridgeSubComponent_97','Defect_4(Bridges)'),
 ('BridgeSubComponent_99','Defect_4(Bridges)'),
 ('BridgeSubComponent_113','Defect_4(Bridges)'),
 ('BridgeSubComponent_1','Defect_5(Bridges)'),
 ('BridgeSubComponent_2','Defect_5(Bridges)'),
 ('BridgeSubComponent_3','Defect_5(Bridges)'),
 ('BridgeSubComponent_4','Defect_5(Bridges)'),
 ('BridgeSubComponent_9','Defect_5(Bridges)'),
 ('BridgeSubComponent_10','Defect_5(Bridges)'),
 ('BridgeSubComponent_15','Defect_5(Bridges)'),
 ('BridgeSubComponent_17','Defect_5(Bridges)'),
 ('BridgeSubComponent_33','Defect_5(Bridges)'),
 ('BridgeSubComponent_34','Defect_5(Bridges)'),
 ('BridgeSubComponent_64','Defect_5(Bridges)'),
 ('BridgeSubComponent_76','Defect_5(Bridges)'),
 ('BridgeSubComponent_77','Defect_5(Bridges)'),
 ('BridgeSubComponent_81','Defect_5(Bridges)'),
 ('BridgeSubComponent_85','Defect_5(Bridges)'),
 ('BridgeSubComponent_87','Defect_5(Bridges)'),
 ('BridgeSubComponent_88','Defect_5(Bridges)'),
 ('BridgeSubComponent_97','Defect_5(Bridges)'),
 ('BridgeSubComponent_101','Defect_5(Bridges)'),
 ('BridgeSubComponent_112','Defect_5(Bridges)'),
 ('BridgeSubComponent_113','Defect_5(Bridges)'),
 ('BridgeSubComponent_1','Defect_6(Bridges)'),
 ('BridgeSubComponent_2','Defect_6(Bridges)'),
 ('BridgeSubComponent_3','Defect_6(Bridges)'),
 ('BridgeSubComponent_4','Defect_6(Bridges)'),
 ('BridgeSubComponent_5','Defect_6(Bridges)'),
 ('BridgeSubComponent_6','Defect_6(Bridges)'),
 ('BridgeSubComponent_7','Defect_6(Bridges)'),
 ('BridgeSubComponent_8','Defect_6(Bridges)'),
 ('BridgeSubComponent_9','Defect_6(Bridges)'),
 ('BridgeSubComponent_10','Defect_6(Bridges)'),
 ('BridgeSubComponent_11','Defect_6(Bridges)'),
 ('BridgeSubComponent_12','Defect_6(Bridges)'),
 ('BridgeSubComponent_13','Defect_6(Bridges)'),
 ('BridgeSubComponent_14','Defect_6(Bridges)'),
 ('BridgeSubComponent_15','Defect_6(Bridges)'),
 ('BridgeSubComponent_16','Defect_6(Bridges)'),
 ('BridgeSubComponent_17','Defect_6(Bridges)'),
 ('BridgeSubComponent_18','Defect_6(Bridges)'),
 ('BridgeSubComponent_19','Defect_6(Bridges)'),
 ('BridgeSubComponent_20','Defect_6(Bridges)'),
 ('BridgeSubComponent_21','Defect_6(Bridges)'),
 ('BridgeSubComponent_22','Defect_6(Bridges)'),
 ('BridgeSubComponent_23','Defect_6(Bridges)'),
 ('BridgeSubComponent_24','Defect_6(Bridges)'),
 ('BridgeSubComponent_25','Defect_6(Bridges)'),
 ('BridgeSubComponent_26','Defect_6(Bridges)'),
 ('BridgeSubComponent_27','Defect_6(Bridges)'),
 ('BridgeSubComponent_28','Defect_6(Bridges)'),
 ('BridgeSubComponent_29','Defect_6(Bridges)'),
 ('BridgeSubComponent_30','Defect_6(Bridges)'),
 ('BridgeSubComponent_31','Defect_6(Bridges)'),
 ('BridgeSubComponent_32','Defect_6(Bridges)'),
 ('BridgeSubComponent_33','Defect_6(Bridges)'),
 ('BridgeSubComponent_34','Defect_6(Bridges)'),
 ('BridgeSubComponent_35','Defect_6(Bridges)'),
 ('BridgeSubComponent_36','Defect_6(Bridges)'),
 ('BridgeSubComponent_37','Defect_6(Bridges)'),
 ('BridgeSubComponent_38','Defect_6(Bridges)'),
 ('BridgeSubComponent_39','Defect_6(Bridges)'),
 ('BridgeSubComponent_40','Defect_6(Bridges)'),
 ('BridgeSubComponent_41','Defect_6(Bridges)'),
 ('BridgeSubComponent_42','Defect_6(Bridges)'),
 ('BridgeSubComponent_43','Defect_6(Bridges)'),
 ('BridgeSubComponent_44','Defect_6(Bridges)'),
 ('BridgeSubComponent_45','Defect_6(Bridges)'),
 ('BridgeSubComponent_46','Defect_6(Bridges)'),
 ('BridgeSubComponent_47','Defect_6(Bridges)'),
 ('BridgeSubComponent_48','Defect_6(Bridges)'),
 ('BridgeSubComponent_49','Defect_6(Bridges)'),
 ('BridgeSubComponent_50','Defect_6(Bridges)'),
 ('BridgeSubComponent_51','Defect_6(Bridges)'),
 ('BridgeSubComponent_52','Defect_6(Bridges)'),
 ('BridgeSubComponent_53','Defect_6(Bridges)'),
 ('BridgeSubComponent_54','Defect_6(Bridges)'),
 ('BridgeSubComponent_55','Defect_6(Bridges)'),
 ('BridgeSubComponent_56','Defect_6(Bridges)'),
 ('BridgeSubComponent_57','Defect_6(Bridges)'),
 ('BridgeSubComponent_58','Defect_6(Bridges)'),
 ('BridgeSubComponent_59','Defect_6(Bridges)'),
 ('BridgeSubComponent_60','Defect_6(Bridges)'),
 ('BridgeSubComponent_61','Defect_6(Bridges)'),
 ('BridgeSubComponent_62','Defect_6(Bridges)'),
 ('BridgeSubComponent_63','Defect_6(Bridges)'),
 ('BridgeSubComponent_64','Defect_6(Bridges)'),
 ('BridgeSubComponent_65','Defect_6(Bridges)'),
 ('BridgeSubComponent_66','Defect_6(Bridges)'),
 ('BridgeSubComponent_67','Defect_6(Bridges)'),
 ('BridgeSubComponent_68','Defect_6(Bridges)'),
 ('BridgeSubComponent_69','Defect_6(Bridges)'),
 ('BridgeSubComponent_70','Defect_6(Bridges)'),
 ('BridgeSubComponent_71','Defect_6(Bridges)'),
 ('BridgeSubComponent_72','Defect_6(Bridges)'),
 ('BridgeSubComponent_73','Defect_6(Bridges)'),
 ('BridgeSubComponent_74','Defect_6(Bridges)'),
 ('BridgeSubComponent_75','Defect_6(Bridges)'),
 ('BridgeSubComponent_76','Defect_6(Bridges)'),
 ('BridgeSubComponent_77','Defect_6(Bridges)'),
 ('BridgeSubComponent_78','Defect_6(Bridges)'),
 ('BridgeSubComponent_79','Defect_6(Bridges)'),
 ('BridgeSubComponent_80','Defect_6(Bridges)'),
 ('BridgeSubComponent_81','Defect_6(Bridges)'),
 ('BridgeSubComponent_82','Defect_6(Bridges)'),
 ('BridgeSubComponent_83','Defect_6(Bridges)'),
 ('BridgeSubComponent_84','Defect_6(Bridges)'),
 ('BridgeSubComponent_85','Defect_6(Bridges)'),
 ('BridgeSubComponent_86','Defect_6(Bridges)'),
 ('BridgeSubComponent_87','Defect_6(Bridges)'),
 ('BridgeSubComponent_88','Defect_6(Bridges)'),
 ('BridgeSubComponent_89','Defect_6(Bridges)'),
 ('BridgeSubComponent_90','Defect_6(Bridges)'),
 ('BridgeSubComponent_91','Defect_6(Bridges)'),
 ('BridgeSubComponent_92','Defect_6(Bridges)'),
 ('BridgeSubComponent_93','Defect_6(Bridges)'),
 ('BridgeSubComponent_94','Defect_6(Bridges)'),
 ('BridgeSubComponent_95','Defect_6(Bridges)'),
 ('BridgeSubComponent_96','Defect_6(Bridges)'),
 ('BridgeSubComponent_97','Defect_6(Bridges)'),
 ('BridgeSubComponent_98','Defect_6(Bridges)'),
 ('BridgeSubComponent_99','Defect_6(Bridges)'),
 ('BridgeSubComponent_100','Defect_6(Bridges)'),
 ('BridgeSubComponent_101','Defect_6(Bridges)'),
 ('BridgeSubComponent_102','Defect_6(Bridges)'),
 ('BridgeSubComponent_103','Defect_6(Bridges)'),
 ('BridgeSubComponent_104','Defect_6(Bridges)'),
 ('BridgeSubComponent_105','Defect_6(Bridges)'),
 ('BridgeSubComponent_106','Defect_6(Bridges)'),
 ('BridgeSubComponent_107','Defect_6(Bridges)'),
 ('BridgeSubComponent_108','Defect_6(Bridges)'),
 ('BridgeSubComponent_109','Defect_6(Bridges)'),
 ('BridgeSubComponent_110','Defect_6(Bridges)'),
 ('BridgeSubComponent_111','Defect_6(Bridges)'),
 ('BridgeSubComponent_112','Defect_6(Bridges)'),
 ('BridgeSubComponent_113','Defect_6(Bridges)'),
 ('BridgeSubComponent_114','Defect_6(Bridges)'),
 ('BridgeSubComponent_115','Defect_6(Bridges)'),
 ('BridgeSubComponent_116','Defect_6(Bridges)'),
 ('BridgeSubComponent_117','Defect_6(Bridges)'),
 ('BridgeSubComponent_118','Defect_6(Bridges)'),
 ('BridgeSubComponent_119','Defect_6(Bridges)'),
 ('BridgeSubComponent_120','Defect_6(Bridges)'),
 ('BridgeSubComponent_121','Defect_6(Bridges)'),
 ('BridgeSubComponent_122','Defect_6(Bridges)'),
 ('BridgeSubComponent_123','Defect_6(Bridges)'),
 ('TunnelSubComponent_12','Defect_7(Tunnels)'),
 ('TunnelSubComponent_33','Defect_7(Tunnels)'),
 ('TunnelSubComponent_46','Defect_7(Tunnels)'),
 ('BridgeSubComponent_2','Defect_7(Bridges)'),
 ('BridgeSubComponent_3','Defect_7(Bridges)'),
 ('BridgeSubComponent_10','Defect_7(Bridges)'),
 ('BridgeSubComponent_20','Defect_7(Bridges)'),
 ('BridgeSubComponent_24','Defect_7(Bridges)'),
 ('BridgeSubComponent_33','Defect_7(Bridges)'),
 ('BridgeSubComponent_38','Defect_7(Bridges)'),
 ('BridgeSubComponent_43','Defect_7(Bridges)'),
 ('BridgeSubComponent_70','Defect_7(Bridges)'),
 ('BridgeSubComponent_76','Defect_7(Bridges)'),
 ('BridgeSubComponent_87','Defect_7(Bridges)'),
 ('BridgeSubComponent_101','Defect_7(Bridges)'),
 ('BridgeSubComponent_112','Defect_7(Bridges)'),
 ('BridgeSubComponent_2','Defect_8(Bridges)'),
 ('BridgeSubComponent_3','Defect_8(Bridges)'),
 ('BridgeSubComponent_10','Defect_8(Bridges)'),
 ('BridgeSubComponent_20','Defect_8(Bridges)'),
 ('BridgeSubComponent_24','Defect_8(Bridges)'),
 ('BridgeSubComponent_33','Defect_8(Bridges)'),
 ('BridgeSubComponent_38','Defect_8(Bridges)'),
 ('BridgeSubComponent_43','Defect_8(Bridges)'),
 ('BridgeSubComponent_70','Defect_8(Bridges)'),
 ('BridgeSubComponent_76','Defect_8(Bridges)'),
 ('BridgeSubComponent_87','Defect_8(Bridges)'),
 ('BridgeSubComponent_101','Defect_8(Bridges)'),
 ('BridgeSubComponent_112','Defect_8(Bridges)'),
 ('TunnelSubComponent_1','Defect_9(Tunnels)'),
 ('TunnelSubComponent_10','Defect_9(Tunnels)'),
 ('TunnelSubComponent_14','Defect_9(Tunnels)'),
 ('TunnelSubComponent_17','Defect_9(Tunnels)'),
 ('TunnelSubComponent_31','Defect_9(Tunnels)'),
 ('TunnelSubComponent_35','Defect_9(Tunnels)'),
 ('TunnelSubComponent_37','Defect_9(Tunnels)'),
 ('TunnelSubComponent_44','Defect_9(Tunnels)'),
 ('BridgeSubComponent_5','Defect_9(Bridges)'),
 ('BridgeSubComponent_6','Defect_9(Bridges)'),
 ('BridgeSubComponent_7','Defect_9(Bridges)'),
 ('BridgeSubComponent_12','Defect_9(Bridges)'),
 ('BridgeSubComponent_13','Defect_9(Bridges)'),
 ('BridgeSubComponent_14','Defect_9(Bridges)'),
 ('BridgeSubComponent_17','Defect_9(Bridges)'),
 ('BridgeSubComponent_19','Defect_9(Bridges)'),
 ('BridgeSubComponent_22','Defect_9(Bridges)'),
 ('BridgeSubComponent_23','Defect_9(Bridges)'),
 ('BridgeSubComponent_27','Defect_9(Bridges)'),
 ('BridgeSubComponent_28','Defect_9(Bridges)'),
 ('BridgeSubComponent_30','Defect_9(Bridges)'),
 ('BridgeSubComponent_31','Defect_9(Bridges)'),
 ('BridgeSubComponent_32','Defect_9(Bridges)'),
 ('BridgeSubComponent_37','Defect_9(Bridges)'),
 ('BridgeSubComponent_41','Defect_9(Bridges)'),
 ('BridgeSubComponent_42','Defect_9(Bridges)'),
 ('BridgeSubComponent_46','Defect_9(Bridges)'),
 ('BridgeSubComponent_47','Defect_9(Bridges)'),
 ('BridgeSubComponent_48','Defect_9(Bridges)'),
 ('BridgeSubComponent_49','Defect_9(Bridges)'),
 ('BridgeSubComponent_50','Defect_9(Bridges)'),
 ('BridgeSubComponent_51','Defect_9(Bridges)'),
 ('BridgeSubComponent_52','Defect_9(Bridges)'),
 ('BridgeSubComponent_53','Defect_9(Bridges)'),
 ('BridgeSubComponent_54','Defect_9(Bridges)'),
 ('BridgeSubComponent_55','Defect_9(Bridges)'),
 ('BridgeSubComponent_56','Defect_9(Bridges)'),
 ('BridgeSubComponent_57','Defect_9(Bridges)'),
 ('BridgeSubComponent_58','Defect_9(Bridges)'),
 ('BridgeSubComponent_59','Defect_9(Bridges)'),
 ('BridgeSubComponent_60','Defect_9(Bridges)'),
 ('BridgeSubComponent_61','Defect_9(Bridges)'),
 ('BridgeSubComponent_62','Defect_9(Bridges)'),
 ('BridgeSubComponent_63','Defect_9(Bridges)'),
 ('BridgeSubComponent_67','Defect_9(Bridges)'),
 ('BridgeSubComponent_68','Defect_9(Bridges)'),
 ('BridgeSubComponent_69','Defect_9(Bridges)'),
 ('BridgeSubComponent_73','Defect_9(Bridges)'),
 ('BridgeSubComponent_74','Defect_9(Bridges)'),
 ('BridgeSubComponent_75','Defect_9(Bridges)'),
 ('BridgeSubComponent_79','Defect_9(Bridges)'),
 ('BridgeSubComponent_82','Defect_9(Bridges)'),
 ('BridgeSubComponent_86','Defect_9(Bridges)'),
 ('BridgeSubComponent_90','Defect_9(Bridges)'),
 ('BridgeSubComponent_91','Defect_9(Bridges)'),
 ('BridgeSubComponent_92','Defect_9(Bridges)'),
 ('BridgeSubComponent_93','Defect_9(Bridges)'),
 ('BridgeSubComponent_94','Defect_9(Bridges)'),
 ('BridgeSubComponent_96','Defect_9(Bridges)'),
 ('BridgeSubComponent_99','Defect_9(Bridges)'),
 ('BridgeSubComponent_5','Defect_10(Bridges)'),
 ('BridgeSubComponent_6','Defect_10(Bridges)'),
 ('BridgeSubComponent_7','Defect_10(Bridges)'),
 ('BridgeSubComponent_12','Defect_10(Bridges)'),
 ('BridgeSubComponent_13','Defect_10(Bridges)'),
 ('BridgeSubComponent_14','Defect_10(Bridges)'),
 ('BridgeSubComponent_17','Defect_10(Bridges)'),
 ('BridgeSubComponent_19','Defect_10(Bridges)'),
 ('BridgeSubComponent_22','Defect_10(Bridges)'),
 ('BridgeSubComponent_23','Defect_10(Bridges)'),
 ('BridgeSubComponent_27','Defect_10(Bridges)'),
 ('BridgeSubComponent_28','Defect_10(Bridges)'),
 ('BridgeSubComponent_30','Defect_10(Bridges)'),
 ('BridgeSubComponent_31','Defect_10(Bridges)'),
 ('BridgeSubComponent_32','Defect_10(Bridges)'),
 ('BridgeSubComponent_37','Defect_10(Bridges)'),
 ('BridgeSubComponent_41','Defect_10(Bridges)'),
 ('BridgeSubComponent_42','Defect_10(Bridges)'),
 ('BridgeSubComponent_46','Defect_10(Bridges)'),
 ('BridgeSubComponent_47','Defect_10(Bridges)'),
 ('BridgeSubComponent_48','Defect_10(Bridges)'),
 ('BridgeSubComponent_49','Defect_10(Bridges)'),
 ('BridgeSubComponent_50','Defect_10(Bridges)'),
 ('BridgeSubComponent_51','Defect_10(Bridges)'),
 ('BridgeSubComponent_52','Defect_10(Bridges)'),
 ('BridgeSubComponent_53','Defect_10(Bridges)'),
 ('BridgeSubComponent_54','Defect_10(Bridges)'),
 ('BridgeSubComponent_55','Defect_10(Bridges)'),
 ('BridgeSubComponent_56','Defect_10(Bridges)'),
 ('BridgeSubComponent_67','Defect_10(Bridges)'),
 ('BridgeSubComponent_68','Defect_10(Bridges)'),
 ('BridgeSubComponent_69','Defect_10(Bridges)'),
 ('BridgeSubComponent_73','Defect_10(Bridges)'),
 ('BridgeSubComponent_74','Defect_10(Bridges)'),
 ('BridgeSubComponent_75','Defect_10(Bridges)'),
 ('BridgeSubComponent_79','Defect_10(Bridges)'),
 ('BridgeSubComponent_82','Defect_10(Bridges)'),
 ('BridgeSubComponent_86','Defect_10(Bridges)'),
 ('BridgeSubComponent_90','Defect_10(Bridges)'),
 ('BridgeSubComponent_91','Defect_10(Bridges)'),
 ('BridgeSubComponent_93','Defect_10(Bridges)'),
 ('BridgeSubComponent_94','Defect_10(Bridges)'),
 ('BridgeSubComponent_96','Defect_10(Bridges)'),
 ('BridgeSubComponent_99','Defect_10(Bridges)'),
 ('TunnelSubComponent_1','Defect_11(Tunnels)'),
 ('TunnelSubComponent_10','Defect_11(Tunnels)'),
 ('TunnelSubComponent_14','Defect_11(Tunnels)'),
 ('TunnelSubComponent_17','Defect_11(Tunnels)'),
 ('TunnelSubComponent_31','Defect_11(Tunnels)'),
 ('TunnelSubComponent_35','Defect_11(Tunnels)'),
 ('TunnelSubComponent_37','Defect_11(Tunnels)'),
 ('TunnelSubComponent_44','Defect_11(Tunnels)'),
 ('BridgeSubComponent_5','Defect_11(Bridges)'),
 ('BridgeSubComponent_6','Defect_11(Bridges)'),
 ('BridgeSubComponent_7','Defect_11(Bridges)'),
 ('BridgeSubComponent_8','Defect_11(Bridges)'),
 ('BridgeSubComponent_11','Defect_11(Bridges)'),
 ('BridgeSubComponent_12','Defect_11(Bridges)'),
 ('BridgeSubComponent_13','Defect_11(Bridges)'),
 ('BridgeSubComponent_14','Defect_11(Bridges)'),
 ('BridgeSubComponent_16','Defect_11(Bridges)'),
 ('BridgeSubComponent_17','Defect_11(Bridges)'),
 ('BridgeSubComponent_19','Defect_11(Bridges)'),
 ('BridgeSubComponent_22','Defect_11(Bridges)'),
 ('BridgeSubComponent_23','Defect_11(Bridges)'),
 ('BridgeSubComponent_26','Defect_11(Bridges)'),
 ('BridgeSubComponent_27','Defect_11(Bridges)'),
 ('BridgeSubComponent_28','Defect_11(Bridges)'),
 ('BridgeSubComponent_29','Defect_11(Bridges)'),
 ('BridgeSubComponent_30','Defect_11(Bridges)'),
 ('BridgeSubComponent_31','Defect_11(Bridges)'),
 ('BridgeSubComponent_32','Defect_11(Bridges)'),
 ('BridgeSubComponent_36','Defect_11(Bridges)'),
 ('BridgeSubComponent_37','Defect_11(Bridges)'),
 ('BridgeSubComponent_40','Defect_11(Bridges)'),
 ('BridgeSubComponent_41','Defect_11(Bridges)'),
 ('BridgeSubComponent_42','Defect_11(Bridges)'),
 ('BridgeSubComponent_45','Defect_11(Bridges)'),
 ('BridgeSubComponent_46','Defect_11(Bridges)'),
 ('BridgeSubComponent_47','Defect_11(Bridges)'),
 ('BridgeSubComponent_48','Defect_11(Bridges)'),
 ('BridgeSubComponent_49','Defect_11(Bridges)'),
 ('BridgeSubComponent_50','Defect_11(Bridges)'),
 ('BridgeSubComponent_51','Defect_11(Bridges)'),
 ('BridgeSubComponent_52','Defect_11(Bridges)'),
 ('BridgeSubComponent_53','Defect_11(Bridges)'),
 ('BridgeSubComponent_54','Defect_11(Bridges)'),
 ('BridgeSubComponent_55','Defect_11(Bridges)'),
 ('BridgeSubComponent_56','Defect_11(Bridges)'),
 ('BridgeSubComponent_57','Defect_11(Bridges)'),
 ('BridgeSubComponent_58','Defect_11(Bridges)'),
 ('BridgeSubComponent_59','Defect_11(Bridges)'),
 ('BridgeSubComponent_60','Defect_11(Bridges)'),
 ('BridgeSubComponent_61','Defect_11(Bridges)'),
 ('BridgeSubComponent_62','Defect_11(Bridges)'),
 ('BridgeSubComponent_63','Defect_11(Bridges)'),
 ('BridgeSubComponent_65','Defect_11(Bridges)'),
 ('BridgeSubComponent_67','Defect_11(Bridges)'),
 ('BridgeSubComponent_68','Defect_11(Bridges)'),
 ('BridgeSubComponent_69','Defect_11(Bridges)'),
 ('BridgeSubComponent_72','Defect_11(Bridges)'),
 ('BridgeSubComponent_73','Defect_11(Bridges)'),
 ('BridgeSubComponent_74','Defect_11(Bridges)'),
 ('BridgeSubComponent_75','Defect_11(Bridges)'),
 ('BridgeSubComponent_78','Defect_11(Bridges)'),
 ('BridgeSubComponent_79','Defect_11(Bridges)'),
 ('BridgeSubComponent_80','Defect_11(Bridges)'),
 ('BridgeSubComponent_82','Defect_11(Bridges)'),
 ('BridgeSubComponent_83','Defect_11(Bridges)'),
 ('BridgeSubComponent_86','Defect_11(Bridges)'),
 ('BridgeSubComponent_89','Defect_11(Bridges)'),
 ('BridgeSubComponent_90','Defect_11(Bridges)'),
 ('BridgeSubComponent_91','Defect_11(Bridges)'),
 ('BridgeSubComponent_93','Defect_11(Bridges)'),
 ('BridgeSubComponent_94','Defect_11(Bridges)'),
 ('BridgeSubComponent_96','Defect_11(Bridges)'),
 ('BridgeSubComponent_98','Defect_11(Bridges)'),
 ('BridgeSubComponent_99','Defect_11(Bridges)'),
 ('BridgeSubComponent_117','Defect_11(Bridges)'),
 ('BridgeSubComponent_8','Defect_12(Bridges)'),
 ('BridgeSubComponent_11','Defect_12(Bridges)'),
 ('BridgeSubComponent_16','Defect_12(Bridges)'),
 ('BridgeSubComponent_26','Defect_12(Bridges)'),
 ('BridgeSubComponent_29','Defect_12(Bridges)'),
 ('BridgeSubComponent_36','Defect_12(Bridges)'),
 ('BridgeSubComponent_40','Defect_12(Bridges)'),
 ('BridgeSubComponent_45','Defect_12(Bridges)'),
 ('BridgeSubComponent_65','Defect_12(Bridges)'),
 ('BridgeSubComponent_72','Defect_12(Bridges)'),
 ('BridgeSubComponent_78','Defect_12(Bridges)'),
 ('BridgeSubComponent_80','Defect_12(Bridges)'),
 ('BridgeSubComponent_83','Defect_12(Bridges)'),
 ('BridgeSubComponent_89','Defect_12(Bridges)'),
 ('BridgeSubComponent_98','Defect_12(Bridges)'),
 ('BridgeSubComponent_117','Defect_12(Bridges)'),
 ('BridgeSubComponent_8','Defect_13(Bridges)'),
 ('BridgeSubComponent_11','Defect_13(Bridges)'),
 ('BridgeSubComponent_16','Defect_13(Bridges)'),
 ('BridgeSubComponent_26','Defect_13(Bridges)'),
 ('BridgeSubComponent_29','Defect_13(Bridges)'),
 ('BridgeSubComponent_36','Defect_13(Bridges)'),
 ('BridgeSubComponent_40','Defect_13(Bridges)'),
 ('BridgeSubComponent_45','Defect_13(Bridges)'),
 ('BridgeSubComponent_65','Defect_13(Bridges)'),
 ('BridgeSubComponent_72','Defect_13(Bridges)'),
 ('BridgeSubComponent_78','Defect_13(Bridges)'),
 ('BridgeSubComponent_80','Defect_13(Bridges)'),
 ('BridgeSubComponent_83','Defect_13(Bridges)'),
 ('BridgeSubComponent_89','Defect_13(Bridges)'),
 ('BridgeSubComponent_98','Defect_13(Bridges)'),
 ('BridgeSubComponent_117','Defect_13(Bridges)'),
 ('BridgeSubComponent_8','Defect_14(Bridges)'),
 ('BridgeSubComponent_11','Defect_14(Bridges)'),
 ('BridgeSubComponent_16','Defect_14(Bridges)'),
 ('BridgeSubComponent_26','Defect_14(Bridges)'),
 ('BridgeSubComponent_29','Defect_14(Bridges)'),
 ('BridgeSubComponent_36','Defect_14(Bridges)'),
 ('BridgeSubComponent_40','Defect_14(Bridges)'),
 ('BridgeSubComponent_45','Defect_14(Bridges)'),
 ('BridgeSubComponent_65','Defect_14(Bridges)'),
 ('BridgeSubComponent_72','Defect_14(Bridges)'),
 ('BridgeSubComponent_78','Defect_14(Bridges)'),
 ('BridgeSubComponent_80','Defect_14(Bridges)'),
 ('BridgeSubComponent_83','Defect_14(Bridges)'),
 ('BridgeSubComponent_89','Defect_14(Bridges)'),
 ('BridgeSubComponent_98','Defect_14(Bridges)'),
 ('BridgeSubComponent_117','Defect_14(Bridges)'),
 ('BridgeSubComponent_8','Defect_15(Bridges)'),
 ('BridgeSubComponent_11','Defect_15(Bridges)'),
 ('BridgeSubComponent_16','Defect_15(Bridges)'),
 ('BridgeSubComponent_26','Defect_15(Bridges)'),
 ('BridgeSubComponent_29','Defect_15(Bridges)'),
 ('BridgeSubComponent_36','Defect_15(Bridges)'),
 ('BridgeSubComponent_40','Defect_15(Bridges)'),
 ('BridgeSubComponent_45','Defect_15(Bridges)'),
 ('BridgeSubComponent_65','Defect_15(Bridges)'),
 ('BridgeSubComponent_72','Defect_15(Bridges)'),
 ('BridgeSubComponent_78','Defect_15(Bridges)'),
 ('BridgeSubComponent_80','Defect_15(Bridges)'),
 ('BridgeSubComponent_83','Defect_15(Bridges)'),
 ('BridgeSubComponent_89','Defect_15(Bridges)'),
 ('BridgeSubComponent_98','Defect_15(Bridges)'),
 ('BridgeSubComponent_117','Defect_15(Bridges)'),
 ('BridgeSubComponent_8','Defect_16(Bridges)'),
 ('BridgeSubComponent_11','Defect_16(Bridges)'),
 ('BridgeSubComponent_16','Defect_16(Bridges)'),
 ('BridgeSubComponent_26','Defect_16(Bridges)'),
 ('BridgeSubComponent_29','Defect_16(Bridges)'),
 ('BridgeSubComponent_36','Defect_16(Bridges)'),
 ('BridgeSubComponent_40','Defect_16(Bridges)'),
 ('BridgeSubComponent_45','Defect_16(Bridges)'),
 ('BridgeSubComponent_65','Defect_16(Bridges)'),
 ('BridgeSubComponent_72','Defect_16(Bridges)'),
 ('BridgeSubComponent_78','Defect_16(Bridges)'),
 ('BridgeSubComponent_80','Defect_16(Bridges)'),
 ('BridgeSubComponent_83','Defect_16(Bridges)'),
 ('BridgeSubComponent_89','Defect_16(Bridges)'),
 ('BridgeSubComponent_98','Defect_16(Bridges)'),
 ('BridgeSubComponent_117','Defect_16(Bridges)'),
 ('BridgeSubComponent_12','Defect_17(Bridges)'),
 ('BridgeSubComponent_13','Defect_17(Bridges)'),
 ('BridgeSubComponent_17','Defect_17(Bridges)'),
 ('BridgeSubComponent_22','Defect_17(Bridges)'),
 ('BridgeSubComponent_27','Defect_17(Bridges)'),
 ('BridgeSubComponent_30','Defect_17(Bridges)'),
 ('BridgeSubComponent_32','Defect_17(Bridges)'),
 ('BridgeSubComponent_41','Defect_17(Bridges)'),
 ('BridgeSubComponent_46','Defect_17(Bridges)'),
 ('BridgeSubComponent_49','Defect_17(Bridges)'),
 ('BridgeSubComponent_67','Defect_17(Bridges)'),
 ('BridgeSubComponent_73','Defect_17(Bridges)'),
 ('BridgeSubComponent_75','Defect_17(Bridges)'),
 ('BridgeSubComponent_82','Defect_17(Bridges)'),
 ('BridgeSubComponent_90','Defect_17(Bridges)'),
 ('BridgeSubComponent_95','Defect_17(Bridges)'),
 ('BridgeSubComponent_99','Defect_17(Bridges)'),
 ('BridgeSubComponent_14','Defect_18(Bridges)'),
 ('BridgeSubComponent_17','Defect_18(Bridges)'),
 ('BridgeSubComponent_18','Defect_18(Bridges)'),
 ('BridgeSubComponent_19','Defect_18(Bridges)'),
 ('BridgeSubComponent_22','Defect_18(Bridges)'),
 ('BridgeSubComponent_23','Defect_18(Bridges)'),
 ('BridgeSubComponent_27','Defect_18(Bridges)'),
 ('BridgeSubComponent_28','Defect_18(Bridges)'),
 ('BridgeSubComponent_30','Defect_18(Bridges)'),
 ('BridgeSubComponent_31','Defect_18(Bridges)'),
 ('BridgeSubComponent_32','Defect_18(Bridges)'),
 ('BridgeSubComponent_37','Defect_18(Bridges)'),
 ('BridgeSubComponent_41','Defect_18(Bridges)'),
 ('BridgeSubComponent_42','Defect_18(Bridges)'),
 ('BridgeSubComponent_46','Defect_18(Bridges)'),
 ('BridgeSubComponent_47','Defect_18(Bridges)'),
 ('BridgeSubComponent_48','Defect_18(Bridges)'),
 ('BridgeSubComponent_49','Defect_18(Bridges)'),
 ('BridgeSubComponent_50','Defect_18(Bridges)'),
 ('BridgeSubComponent_51','Defect_18(Bridges)'),
 ('BridgeSubComponent_52','Defect_18(Bridges)'),
 ('BridgeSubComponent_53','Defect_18(Bridges)'),
 ('BridgeSubComponent_54','Defect_18(Bridges)'),
 ('BridgeSubComponent_55','Defect_18(Bridges)'),
 ('BridgeSubComponent_56','Defect_18(Bridges)'),
 ('BridgeSubComponent_67','Defect_18(Bridges)'),
 ('BridgeSubComponent_68','Defect_18(Bridges)'),
 ('BridgeSubComponent_69','Defect_18(Bridges)'),
 ('BridgeSubComponent_73','Defect_18(Bridges)'),
 ('BridgeSubComponent_74','Defect_18(Bridges)'),
 ('BridgeSubComponent_75','Defect_18(Bridges)'),
 ('BridgeSubComponent_79','Defect_18(Bridges)'),
 ('BridgeSubComponent_82','Defect_18(Bridges)'),
 ('BridgeSubComponent_86','Defect_18(Bridges)'),
 ('BridgeSubComponent_90','Defect_18(Bridges)'),
 ('BridgeSubComponent_91','Defect_18(Bridges)'),
 ('BridgeSubComponent_92','Defect_18(Bridges)'),
 ('BridgeSubComponent_93','Defect_18(Bridges)'),
 ('BridgeSubComponent_94','Defect_18(Bridges)'),
 ('BridgeSubComponent_96','Defect_18(Bridges)'),
 ('BridgeSubComponent_97','Defect_18(Bridges)'),
 ('BridgeSubComponent_98','Defect_18(Bridges)'),
 ('BridgeSubComponent_99','Defect_18(Bridges)'),
 ('BridgeSubComponent_100','Defect_18(Bridges)'),
 ('BridgeSubComponent_101','Defect_18(Bridges)'),
 ('TunnelSubComponent_1','Defect_18(Tunnels)'),
 ('TunnelSubComponent_2','Defect_18(Tunnels)'),
 ('TunnelSubComponent_3','Defect_18(Tunnels)'),
 ('TunnelSubComponent_4','Defect_18(Tunnels)'),
 ('TunnelSubComponent_6','Defect_18(Tunnels)'),
 ('TunnelSubComponent_9','Defect_18(Tunnels)'),
 ('TunnelSubComponent_10','Defect_18(Tunnels)'),
 ('TunnelSubComponent_14','Defect_18(Tunnels)'),
 ('TunnelSubComponent_17','Defect_18(Tunnels)'),
 ('TunnelSubComponent_18','Defect_18(Tunnels)'),
 ('TunnelSubComponent_19','Defect_18(Tunnels)'),
 ('TunnelSubComponent_21','Defect_18(Tunnels)'),
 ('TunnelSubComponent_23','Defect_18(Tunnels)'),
 ('TunnelSubComponent_31','Defect_18(Tunnels)'),
 ('TunnelSubComponent_37','Defect_18(Tunnels)'),
 ('TunnelSubComponent_44','Defect_18(Tunnels)'),
 ('BridgeSubComponent_18','Defect_19(Bridges)'),
 ('BridgeSubComponent_35','Defect_19(Bridges)'),
 ('BridgeSubComponent_66','Defect_19(Bridges)'),
 ('BridgeSubComponent_84','Defect_19(Bridges)'),
 ('BridgeSubComponent_100','Defect_19(Bridges)'),
 ('BridgeSubComponent_18','Defect_20(Bridges)'),
 ('BridgeSubComponent_35','Defect_20(Bridges)'),
 ('BridgeSubComponent_66','Defect_20(Bridges)'),
 ('BridgeSubComponent_84','Defect_20(Bridges)'),
 ('BridgeSubComponent_100','Defect_20(Bridges)'),
 ('BridgeSubComponent_18','Defect_21(Bridges)'),
 ('BridgeSubComponent_35','Defect_21(Bridges)'),
 ('BridgeSubComponent_66','Defect_21(Bridges)'),
 ('BridgeSubComponent_84','Defect_21(Bridges)'),
 ('BridgeSubComponent_100','Defect_21(Bridges)'),
 ('BridgeSubComponent_18','Defect_22(Bridges)'),
 ('BridgeSubComponent_35','Defect_22(Bridges)'),
 ('BridgeSubComponent_66','Defect_22(Bridges)'),
 ('BridgeSubComponent_84','Defect_22(Bridges)'),
 ('BridgeSubComponent_100','Defect_22(Bridges)'),
 ('TunnelSubComponent_6','Defect_22(Tunnels)'),
 ('TunnelSubComponent_21','Defect_22(Tunnels)'),
 ('TunnelSubComponent_27','Defect_22(Tunnels)'),
 ('BridgeSubComponent_54','Defect_23(Bridges)'),
 ('BridgeSubComponent_55','Defect_23(Bridges)'),
 ('BridgeSubComponent_56','Defect_23(Bridges)'),
 ('BridgeSubComponent_57','Defect_24(Bridges)'),
 ('BridgeSubComponent_58','Defect_24(Bridges)'),
 ('BridgeSubComponent_59','Defect_24(Bridges)'),
 ('BridgeSubComponent_60','Defect_24(Bridges)'),
 ('BridgeSubComponent_61','Defect_24(Bridges)'),
 ('BridgeSubComponent_62','Defect_24(Bridges)'),
 ('BridgeSubComponent_63','Defect_24(Bridges)'),
 ('BridgeSubComponent_57','Defect_25(Bridges)'),
 ('BridgeSubComponent_58','Defect_25(Bridges)'),
 ('BridgeSubComponent_59','Defect_25(Bridges)'),
 ('BridgeSubComponent_60','Defect_25(Bridges)'),
 ('BridgeSubComponent_61','Defect_25(Bridges)'),
 ('BridgeSubComponent_62','Defect_25(Bridges)'),
 ('BridgeSubComponent_63','Defect_25(Bridges)'),
 ('BridgeSubComponent_57','Defect_26(Bridges)'),
 ('BridgeSubComponent_61','Defect_26(Bridges)'),
 ('BridgeSubComponent_57','Defect_27(Bridges)'),
 ('BridgeSubComponent_58','Defect_27(Bridges)'),
 ('BridgeSubComponent_59','Defect_27(Bridges)'),
 ('BridgeSubComponent_60','Defect_27(Bridges)'),
 ('BridgeSubComponent_61','Defect_27(Bridges)'),
 ('BridgeSubComponent_62','Defect_27(Bridges)'),
 ('BridgeSubComponent_63','Defect_27(Bridges)'),
 ('BridgeSubComponent_64','Defect_28(Bridges)'),
 ('BridgeSubComponent_65','Defect_28(Bridges)'),
 ('BridgeSubComponent_66','Defect_28(Bridges)'),
 ('BridgeSubComponent_67','Defect_28(Bridges)'),
 ('BridgeSubComponent_68','Defect_28(Bridges)'),
 ('BridgeSubComponent_74','Defect_28(Bridges)'),
 ('BridgeSubComponent_75','Defect_28(Bridges)'),
 ('BridgeSubComponent_76','Defect_28(Bridges)'),
 ('BridgeSubComponent_77','Defect_28(Bridges)'),
 ('BridgeSubComponent_78','Defect_28(Bridges)'),
 ('BridgeSubComponent_79','Defect_28(Bridges)'),
 ('BridgeSubComponent_80','Defect_28(Bridges)'),
 ('BridgeSubComponent_81','Defect_28(Bridges)'),
 ('BridgeSubComponent_82','Defect_28(Bridges)'),
 ('BridgeSubComponent_83','Defect_28(Bridges)'),
 ('BridgeSubComponent_84','Defect_28(Bridges)'),
 ('BridgeSubComponent_85','Defect_28(Bridges)'),
 ('BridgeSubComponent_86','Defect_28(Bridges)'),
 ('BridgeSubComponent_87','Defect_28(Bridges)'),
 ('BridgeSubComponent_88','Defect_28(Bridges)'),
 ('BridgeSubComponent_89','Defect_28(Bridges)'),
 ('BridgeSubComponent_90','Defect_28(Bridges)'),
 ('BridgeSubComponent_91','Defect_28(Bridges)'),
 ('BridgeSubComponent_92','Defect_28(Bridges)'),
 ('BridgeSubComponent_95','Defect_28(Bridges)'),
 ('BridgeSubComponent_96','Defect_28(Bridges)'),
 ('BridgeSubComponent_97','Defect_28(Bridges)'),
 ('BridgeSubComponent_98','Defect_28(Bridges)'),
 ('BridgeSubComponent_99','Defect_28(Bridges)'),
 ('BridgeSubComponent_100','Defect_28(Bridges)'),
 ('BridgeSubComponent_101','Defect_28(Bridges)'),
 ('BridgeSubComponent_112','Defect_28(Bridges)'),
 ('BridgeSubComponent_113','Defect_28(Bridges)'),
 ('TunnelSubComponent_26','Defect_28(Tunnels)'),
 ('TunnelSubComponent_27','Defect_28(Tunnels)'),
 ('TunnelSubComponent_28','Defect_28(Tunnels)'),
 ('TunnelSubComponent_42','Defect_28(Tunnels)'),
 ('TunnelSubComponent_43','Defect_28(Tunnels)'),
 ('BridgeSubComponent_64','Defect_29(Bridges)'),
 ('BridgeSubComponent_65','Defect_29(Bridges)'),
 ('BridgeSubComponent_66','Defect_29(Bridges)'),
 ('BridgeSubComponent_67','Defect_29(Bridges)'),
 ('BridgeSubComponent_68','Defect_29(Bridges)'),
 ('BridgeSubComponent_74','Defect_29(Bridges)'),
 ('BridgeSubComponent_75','Defect_29(Bridges)'),
 ('BridgeSubComponent_76','Defect_29(Bridges)'),
 ('BridgeSubComponent_77','Defect_29(Bridges)'),
 ('BridgeSubComponent_78','Defect_29(Bridges)'),
 ('BridgeSubComponent_79','Defect_29(Bridges)'),
 ('BridgeSubComponent_80','Defect_29(Bridges)'),
 ('BridgeSubComponent_81','Defect_29(Bridges)'),
 ('BridgeSubComponent_82','Defect_29(Bridges)'),
 ('BridgeSubComponent_83','Defect_29(Bridges)'),
 ('BridgeSubComponent_84','Defect_29(Bridges)'),
 ('BridgeSubComponent_85','Defect_29(Bridges)'),
 ('BridgeSubComponent_86','Defect_29(Bridges)'),
 ('BridgeSubComponent_87','Defect_29(Bridges)'),
 ('BridgeSubComponent_88','Defect_29(Bridges)'),
 ('BridgeSubComponent_89','Defect_29(Bridges)'),
 ('BridgeSubComponent_90','Defect_29(Bridges)'),
 ('BridgeSubComponent_91','Defect_29(Bridges)'),
 ('BridgeSubComponent_92','Defect_29(Bridges)'),
 ('BridgeSubComponent_95','Defect_29(Bridges)'),
 ('BridgeSubComponent_96','Defect_29(Bridges)'),
 ('BridgeSubComponent_97','Defect_29(Bridges)'),
 ('BridgeSubComponent_98','Defect_29(Bridges)'),
 ('BridgeSubComponent_99','Defect_29(Bridges)'),
 ('BridgeSubComponent_100','Defect_29(Bridges)'),
 ('BridgeSubComponent_101','Defect_29(Bridges)'),
 ('TunnelSubComponent_48','Defect_30_3(Tunnels)'),
 ('TunnelSubComponent_49','Defect_30_3(Tunnels)'),
 ('TunnelSubComponent_50','Defect_30_3(Tunnels)'),
 ('TunnelSubComponent_51','Defect_30_3(Tunnels)'),
 ('TunnelSubComponent_54','Defect_30_3(Tunnels)'),
 ('TunnelSubComponent_55','Defect_30_3(Tunnels)'),
 ('BridgeSubComponent_102','Defect_30_1(Bridges)'),
 ('BridgeSubComponent_103','Defect_30_1(Bridges)'),
 ('BridgeSubComponent_104','Defect_30_1(Bridges)'),
 ('BridgeSubComponent_105','Defect_30_1(Bridges)'),
 ('BridgeSubComponent_108','Defect_30_1(Bridges)'),
 ('BridgeSubComponent_109','Defect_30_1(Bridges)'),
 ('TunnelSubComponent_1','Defect_30_2(Tunnels)'),
 ('TunnelSubComponent_2','Defect_30_2(Tunnels)'),
 ('TunnelSubComponent_3','Defect_30_2(Tunnels)'),
 ('TunnelSubComponent_4','Defect_30_2(Tunnels)'),
 ('TunnelSubComponent_5','Defect_30_2(Tunnels)'),
 ('TunnelSubComponent_6','Defect_30_2(Tunnels)'),
 ('TunnelSubComponent_7','Defect_30_2(Tunnels)'),
 ('TunnelSubComponent_9','Defect_30_2(Tunnels)'),
 ('TunnelSubComponent_17','Defect_30_2(Tunnels)'),
 ('TunnelSubComponent_18','Defect_30_2(Tunnels)'),
 ('TunnelSubComponent_19','Defect_30_2(Tunnels)'),
 ('TunnelSubComponent_20','Defect_30_2(Tunnels)'),
 ('TunnelSubComponent_21','Defect_30_2(Tunnels)'),
 ('TunnelSubComponent_22','Defect_30_2(Tunnels)'),
 ('TunnelSubComponent_23','Defect_30_2(Tunnels)'),
 ('BridgeSubComponent_102','Defect_31(Bridges)'),
 ('BridgeSubComponent_103','Defect_31(Bridges)'),
 ('BridgeSubComponent_104','Defect_31(Bridges)'),
 ('BridgeSubComponent_105','Defect_31(Bridges)'),
 ('BridgeSubComponent_109','Defect_31(Bridges)'),
 ('TunnelSubComponent_48','Defect_31(Tunnels)'),
 ('TunnelSubComponent_49','Defect_31(Tunnels)'),
 ('TunnelSubComponent_50','Defect_31(Tunnels)'),
 ('TunnelSubComponent_51','Defect_31(Tunnels)'),
 ('TunnelSubComponent_55','Defect_31(Tunnels)'),
 ('TunnelSubComponent_48','Defect_32(Tunnels)'),
 ('TunnelSubComponent_49','Defect_32(Tunnels)'),
 ('TunnelSubComponent_50','Defect_32(Tunnels)'),
 ('TunnelSubComponent_51','Defect_32(Tunnels)'),
 ('TunnelSubComponent_55','Defect_32(Tunnels)'),
 ('BridgeSubComponent_102','Defect_32(Bridges)'),
 ('BridgeSubComponent_103','Defect_32(Bridges)'),
 ('BridgeSubComponent_104','Defect_32(Bridges)'),
 ('BridgeSubComponent_105','Defect_32(Bridges)'),
 ('TunnelSubComponent_48','Defect_33(Tunnels)'),
 ('TunnelSubComponent_49','Defect_33(Tunnels)'),
 ('TunnelSubComponent_50','Defect_33(Tunnels)'),
 ('TunnelSubComponent_51','Defect_33(Tunnels)'),
 ('TunnelSubComponent_55','Defect_33(Tunnels)'),
 ('BridgeSubComponent_102','Defect_33(Bridges)'),
 ('BridgeSubComponent_103','Defect_33(Bridges)'),
 ('BridgeSubComponent_104','Defect_33(Bridges)'),
 ('BridgeSubComponent_105','Defect_33(Bridges)'),
 ('BridgeSubComponent_102','Defect_34(Bridges)'),
 ('BridgeSubComponent_103','Defect_34(Bridges)'),
 ('BridgeSubComponent_104','Defect_34(Bridges)'),
 ('BridgeSubComponent_105','Defect_34(Bridges)'),
 ('BridgeSubComponent_106','Defect_34(Bridges)'),
 ('BridgeSubComponent_107','Defect_34(Bridges)'),
 ('BridgeSubComponent_108','Defect_34(Bridges)'),
 ('BridgeSubComponent_110','Defect_34(Bridges)'),
 ('BridgeSubComponent_111','Defect_34(Bridges)'),
 ('TunnelSubComponent_48','Defect_34(Tunnels)'),
 ('TunnelSubComponent_49','Defect_34(Tunnels)'),
 ('TunnelSubComponent_50','Defect_34(Tunnels)'),
 ('TunnelSubComponent_51','Defect_34(Tunnels)'),
 ('TunnelSubComponent_52','Defect_34(Tunnels)'),
 ('TunnelSubComponent_53','Defect_34(Tunnels)'),
 ('TunnelSubComponent_54','Defect_34(Tunnels)'),
 ('TunnelSubComponent_55','Defect_34(Tunnels)'),
 ('TunnelSubComponent_48','Defect_35(Tunnels)'),
 ('TunnelSubComponent_49','Defect_35(Tunnels)'),
 ('TunnelSubComponent_50','Defect_35(Tunnels)'),
 ('TunnelSubComponent_51','Defect_35(Tunnels)'),
 ('TunnelSubComponent_52','Defect_35(Tunnels)'),
 ('TunnelSubComponent_53','Defect_35(Tunnels)'),
 ('TunnelSubComponent_54','Defect_35(Tunnels)'),
 ('TunnelSubComponent_55','Defect_35(Tunnels)'),
 ('BridgeSubComponent_102','Defect_35(Bridges)'),
 ('BridgeSubComponent_103','Defect_35(Bridges)'),
 ('BridgeSubComponent_104','Defect_35(Bridges)'),
 ('BridgeSubComponent_105','Defect_35(Bridges)'),
 ('BridgeSubComponent_106','Defect_35(Bridges)'),
 ('BridgeSubComponent_107','Defect_35(Bridges)'),
 ('BridgeSubComponent_108','Defect_35(Bridges)'),
 ('BridgeSubComponent_110','Defect_35(Bridges)'),
 ('BridgeSubComponent_111','Defect_35(Bridges)'),
 ('BridgeSubComponent_102','Defect_36(Bridges)'),
 ('BridgeSubComponent_105','Defect_36(Bridges)'),
 ('BridgeSubComponent_107','Defect_36(Bridges)'),
 ('BridgeSubComponent_108','Defect_36(Bridges)'),
 ('BridgeSubComponent_110','Defect_36(Bridges)'),
 ('BridgeSubComponent_111','Defect_36(Bridges)'),
 ('TunnelSubComponent_48','Defect_36(Tunnels)'),
 ('TunnelSubComponent_51','Defect_36(Tunnels)'),
 ('TunnelSubComponent_53','Defect_36(Tunnels)'),
 ('TunnelSubComponent_54','Defect_36(Tunnels)'),
 ('TunnelSubComponent_55','Defect_36(Tunnels)'),
 ('BridgeSubComponent_114','Defect_37(Bridges)'),
 ('BridgeSubComponent_115','Defect_37(Bridges)'),
 ('BridgeSubComponent_116','Defect_37(Bridges)'),
 ('BridgeSubComponent_114','Defect_38(Bridges)'),
 ('BridgeSubComponent_115','Defect_38(Bridges)'),
 ('BridgeSubComponent_116','Defect_38(Bridges)'),
 ('BridgeSubComponent_114','Defect_39(Bridges)'),
 ('BridgeSubComponent_115','Defect_39(Bridges)'),
 ('BridgeSubComponent_116','Defect_39(Bridges)'),
 ('BridgeSubComponent_118','Defect_40(Bridges)'),
 ('BridgeSubComponent_118','Defect_41(Bridges)'),
 ('BridgeSubComponent_119','Defect_41(Bridges)'),
 ('BridgeSubComponent_120','Defect_41(Bridges)'),
 ('BridgeSubComponent_118','Defect_42(Bridges)'),
 ('BridgeSubComponent_119','Defect_42(Bridges)'),
 ('BridgeSubComponent_120','Defect_42(Bridges)'),
 ('BridgeSubComponent_119','Defect_43(Bridges)'),
 ('BridgeSubComponent_120','Defect_43(Bridges)'),
 ('BridgeSubComponent_121','Defect_44(Bridges)'),
 ('BridgeSubComponent_122','Defect_45(Bridges)'),
 ('BridgeSubComponent_123','Defect_45(Bridges)'),
 ('BridgeSubComponent_122','Defect_46(Bridges)'),
 ('BridgeSubComponent_123','Defect_46(Bridges)'),
 ('TunnelSubComponent_11','Defect_47_2(Tunnels)'),
 ('TunnelSubComponent_15','Defect_47_2(Tunnels)'),
 ('TunnelSubComponent_29','Defect_47_2(Tunnels)'),
 ('TunnelSubComponent_32','Defect_47_2(Tunnels)'),
 ('TunnelSubComponent_38','Defect_47_2(Tunnels)'),
 ('TunnelSubComponent_40','Defect_47_2(Tunnels)'),
 ('TunnelSubComponent_42','Defect_47_2(Tunnels)'),
 ('TunnelSubComponent_45','Defect_47_2(Tunnels)'),
 ('TunnelSubComponent_23','Defect_47_4(Tunnels)'),
 ('TunnelSubComponent_12','Defect_47_3(Tunnels)'),
 ('TunnelSubComponent_33','Defect_47_3(Tunnels)'),
 ('TunnelSubComponent_46','Defect_47_3(Tunnels)'),
 ('TunnelSubComponent_1','Defect_47_1(Tunnels)'),
 ('TunnelSubComponent_9','Defect_47_1(Tunnels)'),
 ('TunnelSubComponent_10','Defect_47_1(Tunnels)'),
 ('TunnelSubComponent_14','Defect_47_1(Tunnels)'),
 ('TunnelSubComponent_17','Defect_47_1(Tunnels)'),
 ('TunnelSubComponent_31','Defect_47_1(Tunnels)'),
 ('TunnelSubComponent_35','Defect_47_1(Tunnels)'),
 ('TunnelSubComponent_37','Defect_47_1(Tunnels)'),
 ('TunnelSubComponent_44','Defect_47_1(Tunnels)'),
 ('TunnelSubComponent_2','Defect_48(Tunnels)'),
 ('TunnelSubComponent_3','Defect_48(Tunnels)'),
 ('TunnelSubComponent_4','Defect_48(Tunnels)'),
 ('TunnelSubComponent_18','Defect_48(Tunnels)'),
 ('TunnelSubComponent_19','Defect_48(Tunnels)'),
 ('TunnelSubComponent_24','Defect_48(Tunnels)'),
 ('TunnelSubComponent_26','Defect_48(Tunnels)'),
 ('TunnelSubComponent_5','Defect_49(Tunnels)'),
 ('TunnelSubComponent_20','Defect_49(Tunnels)'),
 ('TunnelSubComponent_5','Defect_50(Tunnels)'),
 ('TunnelSubComponent_20','Defect_50(Tunnels)'),
 ('TunnelSubComponent_5','Defect_51(Tunnels)'),
 ('TunnelSubComponent_20','Defect_51(Tunnels)'),
 ('TunnelSubComponent_5','Defect_52(Tunnels)'),
 ('TunnelSubComponent_20','Defect_52(Tunnels)'),
 ('TunnelSubComponent_5','Defect_53(Tunnels)'),
 ('TunnelSubComponent_20','Defect_53(Tunnels)'),
 ('TunnelSubComponent_5','Defect_54(Tunnels)'),
 ('TunnelSubComponent_20','Defect_54(Tunnels)'),
 ('TunnelSubComponent_6','Defect_55(Tunnels)'),
 ('TunnelSubComponent_21','Defect_55(Tunnels)'),
 ('TunnelSubComponent_27','Defect_55(Tunnels)'),
 ('TunnelSubComponent_6','Defect_56(Tunnels)'),
 ('TunnelSubComponent_21','Defect_56(Tunnels)'),
 ('TunnelSubComponent_27','Defect_56(Tunnels)'),
 ('TunnelSubComponent_6','Defect_57(Tunnels)'),
 ('TunnelSubComponent_21','Defect_57(Tunnels)'),
 ('TunnelSubComponent_27','Defect_57(Tunnels)'),
 ('TunnelSubComponent_7','Defect_58(Tunnels)'),
 ('TunnelSubComponent_22','Defect_58(Tunnels)'),
 ('TunnelSubComponent_7','Defect_59(Tunnels)'),
 ('TunnelSubComponent_9','Defect_59(Tunnels)'),
 ('TunnelSubComponent_22','Defect_59(Tunnels)'),
 ('TunnelSubComponent_23','Defect_59(Tunnels)'),
 ('TunnelSubComponent_8','Defect_60(Tunnels)'),
 ('TunnelSubComponent_8','Defect_61(Tunnels)'),
 ('TunnelSubComponent_13','Defect_62(Tunnels)'),
 ('TunnelSubComponent_16','Defect_62(Tunnels)'),
 ('TunnelSubComponent_25','Defect_62(Tunnels)'),
 ('TunnelSubComponent_28','Defect_62(Tunnels)'),
 ('TunnelSubComponent_30','Defect_62(Tunnels)'),
 ('TunnelSubComponent_34','Defect_62(Tunnels)'),
 ('TunnelSubComponent_36','Defect_62(Tunnels)'),
 ('TunnelSubComponent_39','Defect_62(Tunnels)'),
 ('TunnelSubComponent_41','Defect_62(Tunnels)'),
 ('TunnelSubComponent_43','Defect_62(Tunnels)'),
 ('TunnelSubComponent_47','Defect_62(Tunnels)'),
 ('TunnelSubComponent_29','Defect_63(Tunnels)'),
 ('TunnelSubComponent_45','Defect_63(Tunnels)'),
 ('TunnelSubComponent_35','Defect_64(Tunnels)'),
 ('TunnelSubComponent_36','Defect_64(Tunnels)'),
 ('TunnelSubComponent_35','Defect_65(Tunnels)'),
 ('TunnelSubComponent_36','Defect_65(Tunnels)'),
 ('TunnelSubComponent_35','Defect_66(Tunnels)'),
 ('TunnelSubComponent_36','Defect_66(Tunnels)'),
 ('TunnelSubComponent_36','Defect_67(Tunnels)');
INSERT INTO "defects" ("id","name","number") VALUES ('Defect_1(Bridges)','Delamination/ Spall/ Patched Area',1080),
 ('Defect_2(Bridges)','Exposed Rebar',1090),
 ('Defect_3(Bridges)','Efflorescence/ Rust Staining',1120),
 ('Defect_4(Bridges)','Cracking (RC and Other)',1130),
 ('Defect_5(Bridges)','Abrasion/Wear (PSC/RC)',1190),
 ('Defect_6(Bridges)','Damage',7000),
 ('Defect_7(Bridges)','Exposed Prestressing',1100),
 ('Defect_8(Bridges)','Cracking (PSC)',1110),
 ('Defect_9(Bridges)','Corrosion',1000),
 ('Defect_10(Bridges)','Fatigue Crack (Steel/Other)',1010),
 ('Defect_11(Bridges)','Connection',1020),
 ('Defect_12(Bridges)','Decay/Section Loss',1140),
 ('Defect_13(Bridges)','Check/Shake',1150),
 ('Defect_14(Bridges)','Crack (Timber)',1160),
 ('Defect_15(Bridges)','Split/Delamination (Timber)',1170),
 ('Defect_16(Bridges)','Abrasion/Wear (Timber)',1180),
 ('Defect_17(Bridges)','Deterioration (Other)',1220),
 ('Defect_18(Bridges)','Distortion',1900),
 ('Defect_19(Bridges)','Mortar Breakdown (Masonry)',1610),
 ('Defect_20(Bridges)','Split/Spall (Masonry)',1620),
 ('Defect_21(Bridges)','Patched Area (Masonry)',1630),
 ('Defect_22(Bridges)','Masonry Displacement',1640),
 ('Defect_23(Bridges)','Cable Slack',1025),
 ('Defect_24(Bridges)','Movement',2210),
 ('Defect_25(Bridges)','Alignment',2220),
 ('Defect_26(Bridges)','Bulging, Splitting or Tearing',2230),
 ('Defect_27(Bridges)','Loss of Bearing Area',2240),
 ('Defect_28(Bridges)','Settlement',4000),
 ('Defect_29(Bridges)','Scour',6000),
 ('Defect_30_1(Bridges)','Leakage',2310),
 ('Defect_31(Bridges)','Seal Adhesion',2320),
 ('Defect_32(Bridges)','Seal Damage',2330),
 ('Defect_33(Bridges)','Seal Cracking',2340),
 ('Defect_34(Bridges)','Debris Impaction',2350),
 ('Defect_35(Bridges)','Adjacent Deck or Header',2360),
 ('Defect_36(Bridges)','Metal Deterioration or Damage',2370),
 ('Defect_37(Bridges)','Delamination/ Patched Area/ Pothole (Wearing Surfaces)',3210),
 ('Defect_38(Bridges)','Crack (Wearing Surface)',3220),
 ('Defect_39(Bridges)','Effectiveness (Wearing Surface)',3230),
 ('Defect_40(Bridges)','Chalking
(Steel Protective Coatings)',3410),
 ('Defect_41(Bridges)','Peeling/Bubbling/Cracking (Steel Protective Coatings)',3420),
 ('Defect_42(Bridges)','Effectiveness
(Steel Protective Coatings)',3440),
 ('Defect_43(Bridges)','Oxide Film Degradation Color/ Texture Adherence (Steel Protective Coatings)',3430),
 ('Defect_44(Bridges)','Effectiveness (Rebar Protective System- Coating/Cathodic)',3600),
 ('Defect_45(Bridges)','Wear
(Concrete Protective Coatings)',3510),
 ('Defect_46(Bridges)','Effectiveness (Concrete Protective Coatings)',3540),
 ('Defect_9(Tunnels)','Corrosion',NULL),
 ('Defect_47_1(Tunnels)','Cracking',NULL),
 ('Defect_11(Tunnels)','Connection',NULL),
 ('Defect_18(Tunnels)','Distortion',NULL),
 ('Defect_30_2(Tunnels)','Leakage',NULL),
 ('Defect_1(Tunnels)','Delamination/ Spall/ Patched Area',NULL),
 ('Defect_2(Tunnels)','Exposed Rebar',NULL),
 ('Defect_3(Tunnels)','Efflorescence/ Rust Staining',NULL),
 ('Defect_48(Tunnels)','Cracking (Liners)',NULL),
 ('Defect_49(Tunnels)','Decay or Rot',NULL),
 ('Defect_50(Tunnels)','Voids',NULL),
 ('Defect_51(Tunnels)','Cracks/ Splits/ Checks/',NULL),
 ('Defect_52(Tunnels)','Timber Distortion',NULL),
 ('Defect_53(Tunnels)','Insect Infestation',NULL),
 ('Defect_54(Tunnels)','Loose or Missing Connectors',NULL),
 ('Defect_55(Tunnels)','Mortar Breakdown',NULL),
 ('Defect_56(Tunnels)','Split/Spall',NULL),
 ('Defect_57(Tunnels)','Patched Area',NULL),
 ('Defect_22(Tunnels)','Masonry Displacement',NULL),
 ('Defect_58(Tunnels)','Rockfall',NULL),
 ('Defect_59(Tunnels)','Patched Areas',NULL),
 ('Defect_60(Tunnels)','Loose Bolt/Dowel Misalignment',NULL),
 ('Defect_61(Tunnels)','Deformation or Cracking',NULL),
 ('Defect_47_2(Tunnels)','Cracking',NULL),
 ('Defect_7(Tunnels)','Exposed Prestressing',NULL),
 ('Defect_47_3(Tunnels)','Cracking',NULL),
 ('Defect_62(Tunnels)','General Condition',NULL),
 ('Defect_47_4(Tunnels)','Cracking',NULL),
 ('Defect_28(Tunnels)','Settlement',NULL),
 ('Defect_63(Tunnels)','Efflorescence',NULL),
 ('Defect_64(Tunnels)','Bowing and Elongation',NULL),
 ('Defect_65(Tunnels)','Creep',NULL),
 ('Defect_66(Tunnels)','Anchorage area',NULL),
 ('Defect_67(Tunnels)','Connections',NULL),
 ('Defect_30_3(Tunnels)','Leakage',NULL),
 ('Defect_31(Tunnels)','Seal Adhesion',NULL),
 ('Defect_32(Tunnels)','Seal Damage',NULL),
 ('Defect_33(Tunnels)','Seal Cracking',NULL),
 ('Defect_34(Tunnels)','Debris Impaction',NULL),
 ('Defect_35(Tunnels)','Adjacent Deck or Header',NULL),
 ('Defect_36(Tunnels)','Metal Deterioration or Damage',NULL);
INSERT INTO "conditions" ("id","description","type","defect_id") VALUES ('Defect_1(Bridges)_Condition_1','None','GOOD','Defect_1(Bridges)'),
 ('Defect_1(Bridges)_Condition_2','Delaminated.
Spall 1 in. or less deep or 6 in. or less in diameter.
Patched area that is sound.','FAIR','Defect_1(Bridges)'),
 ('Defect_1(Bridges)_Condition_3','Spall greater than 1 in. deep or greater than 6 in. diameter.
Patched area that is unsound or showing distress.
Does not warrant structural review.','POOR','Defect_1(Bridges)'),
 ('Defect_1(Bridges)_Condition_4','The condition warrants a structural review to determine the effect on strength or serviceability of the element or bridge.
OR
A structural review has been completed and the defects impact strength or serviceability of the element or bridge.','SEVERE','Defect_1(Bridges)'),
 ('Defect_2(Bridges)_Condition_1','None','GOOD','Defect_2(Bridges)'),
 ('Defect_2(Bridges)_Condition_2','Present without measurable section loss.','FAIR','Defect_2(Bridges)'),
 ('Defect_2(Bridges)_Condition_3','Present with measurable section loss, but does not warrant structural review.','POOR','Defect_2(Bridges)'),
 ('Defect_2(Bridges)_Condition_4','The condition warrants a structural review to determine the effect on strength or serviceability of the element or bridge.
OR
A structural review has been completed and the defects impact strength or serviceability of the element or bridge.','SEVERE','Defect_2(Bridges)'),
 ('Defect_3(Bridges)_Condition_1','None','GOOD','Defect_3(Bridges)'),
 ('Defect_3(Bridges)_Condition_2','Surface white without build-up or leaching without rust staining.','FAIR','Defect_3(Bridges)'),
 ('Defect_3(Bridges)_Condition_3','Heavy build-up with rust staining.','POOR','Defect_3(Bridges)'),
 ('Defect_3(Bridges)_Condition_4','The condition warrants a structural review to determine the effect on strength or serviceability of the element or bridge.
OR
A structural review has been completed and the defects impact strength or serviceability of the element or bridge.','SEVERE','Defect_3(Bridges)'),
 ('Defect_4(Bridges)_Condition_1','None or insignificant cracks.','GOOD','Defect_4(Bridges)'),
 ('Defect_4(Bridges)_Condition_2','Unsealed moderate width cracks or unsealed moderate pattern (map) cracking.
Cracks from 0.012 to 0.05 inches wide.','FAIR','Defect_4(Bridges)'),
 ('Defect_4(Bridges)_Condition_3','Wide cracks or heavy pattern (map) cracking.
Cracks greater than 0.05 inches wide.','POOR','Defect_4(Bridges)'),
 ('Defect_4(Bridges)_Condition_4','The condition warrants a structural review to determine the effect on strength or serviceability of the element or bridge.
OR
A structural review has been completed and the defects impact strength or serviceability of the element or bridge.','SEVERE','Defect_4(Bridges)'),
 ('Defect_5(Bridges)_Condition_1','No abrasion or wearing.','GOOD','Defect_5(Bridges)'),
 ('Defect_5(Bridges)_Condition_2','Abrasion or wearing has exposed coarse aggregate but the aggregate remains secure in the concrete.','FAIR','Defect_5(Bridges)'),
 ('Defect_5(Bridges)_Condition_3','Coarse aggregate is loose or has popped out of the concrete matrix due to abrasion or wear.','POOR','Defect_5(Bridges)'),
 ('Defect_5(Bridges)_Condition_4','The condition warrants a structural review to determine the effect on strength or serviceability of the element or bridge.
OR
A structural review has been completed and the defects impact strength or serviceability of the element or bridge.','SEVERE','Defect_5(Bridges)'),
 ('Defect_6(Bridges)_Condition_1','Not applicable','GOOD','Defect_6(Bridges)'),
 ('Defect_6(Bridges)_Condition_2','The element has impact damage.
The specific damage caused by the impact has been captured in Condition State 2 under the appropriate material defect entry.','FAIR','Defect_6(Bridges)'),
 ('Defect_6(Bridges)_Condition_3','The element has impact damage.
The specific damage caused by the impact has been captured in Condition State 3 under the appropriate material defect entry.','POOR','Defect_6(Bridges)'),
 ('Defect_6(Bridges)_Condition_4','The element has impact damage.
The specific damage caused by the impact has been captured in Condition State 4 under the appropriate material defect entry.','SEVERE','Defect_6(Bridges)'),
 ('Defect_7(Bridges)_Condition_1','None','GOOD','Defect_7(Bridges)'),
 ('Defect_7(Bridges)_Condition_2','Present without section loss.','FAIR','Defect_7(Bridges)'),
 ('Defect_7(Bridges)_Condition_3','Present with section loss, but does not warrant structural review.','POOR','Defect_7(Bridges)'),
 ('Defect_7(Bridges)_Condition_4','The condition warrants a structural review to determine the effect on strength or serviceability of the element or bridge.
OR
A structural review has been completed and the defects impact strength or serviceability of the element or bridge.','SEVERE','Defect_7(Bridges)'),
 ('Defect_8(Bridges)_Condition_1','None or insignificant cracks.','GOOD','Defect_8(Bridges)'),
 ('Defect_8(Bridges)_Condition_2','Unsealed moderate width cracks or unsealed moderate pattern (map) cracking.
Cracks from 0.004 to 0.009 inches wide.','FAIR','Defect_8(Bridges)'),
 ('Defect_8(Bridges)_Condition_3','Wide cracks or heavy pattern (map) cracking.
Cracks greater than 0.009 inches wide.','POOR','Defect_8(Bridges)'),
 ('Defect_8(Bridges)_Condition_4','The condition warrants a structural review to determine the effect on strength or serviceability of the element or bridge.
OR
A structural review has been completed and the defects impact strength or serviceability of the element or bridge.','SEVERE','Defect_8(Bridges)'),
 ('Defect_9(Bridges)_Condition_1','None','GOOD','Defect_9(Bridges)'),
 ('Defect_9(Bridges)_Condition_2','Freckled Rust.
Corrosion of the steel has initiated.','FAIR','Defect_9(Bridges)'),
 ('Defect_9(Bridges)_Condition_3','Section loss is evident or pack rust is present but does not warrant structural review.','POOR','Defect_9(Bridges)'),
 ('Defect_9(Bridges)_Condition_4','The condition warrants a structural review to determine the effect on strength or serviceability of the element or bridge.
OR
A structural review has been completed and the defects impact strength or serviceability of the element or bridge.','SEVERE','Defect_9(Bridges)'),
 ('Defect_10(Bridges)_Condition_1','None','GOOD','Defect_10(Bridges)'),
 ('Defect_10(Bridges)_Condition_2','Crack that has self- arrested or has been arrested with effective arrest holes, doubling plates, or similar.','FAIR','Defect_10(Bridges)'),
 ('Defect_10(Bridges)_Condition_3','Identified crack exists that is not arrested but does not warrant structural review.','POOR','Defect_10(Bridges)'),
 ('Defect_10(Bridges)_Condition_4','The condition warrants a structural review to determine the effect on strength or serviceability of the element or bridge.
OR
A structural review has been completed and the defects impact strength or serviceability of the element or bridge.','SEVERE','Defect_10(Bridges)'),
 ('Defect_11(Bridges)_Condition_1','Connection is in place and functioning as intended.','GOOD','Defect_11(Bridges)'),
 ('Defect_11(Bridges)_Condition_2','Loose fasteners or pack rust without distortion is present, but the connection is in place and functioning as intended.','FAIR','Defect_11(Bridges)'),
 ('Defect_11(Bridges)_Condition_3','Missing bolts, rivets, broken welds, fasteners or pack rust with distortion, but does not warrant a structural review.','POOR','Defect_11(Bridges)'),
 ('Defect_11(Bridges)_Condition_4','The condition warrants a structural review to determine the effect on strength or serviceability of the element or bridge.
OR
A structural review has been completed and the defects impact strength or serviceability of the element or bridge.','SEVERE','Defect_11(Bridges)'),
 ('Defect_12(Bridges)_Condition_1','None','GOOD','Defect_12(Bridges)'),
 ('Defect_12(Bridges)_Condition_2','Affects less than 10% of the member section.','FAIR','Defect_12(Bridges)'),
 ('Defect_12(Bridges)_Condition_3','Affects 10% or more of the member but does not warrant structural review.','POOR','Defect_12(Bridges)'),
 ('Defect_12(Bridges)_Condition_4','The condition warrants a structural review to determine the effect on strength or serviceability of the element or bridge.
OR
A structural review has been completed and the defects impact strength or serviceability of the element or bridge.','SEVERE','Defect_12(Bridges)'),
 ('Defect_13(Bridges)_Condition_1','Surface penetration less than 5% of the member thickness regardless of location.','GOOD','Defect_13(Bridges)'),
 ('Defect_13(Bridges)_Condition_2','Penetrates 5% - 50% of the thickness of the member and not in a tension zone.','FAIR','Defect_13(Bridges)'),
 ('Defect_13(Bridges)_Condition_3','Penetrates more than 50% of the thickness of the member or more than 5% of the member thickness in a tension zone.
Does not warrant structural review.','POOR','Defect_13(Bridges)'),
 ('Defect_13(Bridges)_Condition_4','The condition warrants a structural review to determine the effect on strength or serviceability of the element or bridge.
OR
A structural review has been completed and the defects impact strength or serviceability of the element or bridge.','SEVERE','Defect_13(Bridges)'),
 ('Defect_14(Bridges)_Condition_1','None','GOOD','Defect_14(Bridges)'),
 ('Defect_14(Bridges)_Condition_2','Crack that has been arrested through effective measures.','FAIR','Defect_14(Bridges)'),
 ('Defect_14(Bridges)_Condition_3','Identified crack exists that is not arrested, but does not require structural review','POOR','Defect_14(Bridges)'),
 ('Defect_14(Bridges)_Condition_4','The condition warrants a structural review to determine the effect on strength or serviceability of the element or bridge.
OR
A structural review has been completed and the defects impact strength or serviceability of the element or bridge.','SEVERE','Defect_14(Bridges)'),
 ('Defect_15(Bridges)_Condition_1','None','GOOD','Defect_15(Bridges)'),
 ('Defect_15(Bridges)_Condition_2','Length less than the member depth or arrested with effective actions taken to mitigate.','FAIR','Defect_15(Bridges)'),
 ('Defect_15(Bridges)_Condition_3','Length equal to or greater than the member depth, but does not require structural review.','POOR','Defect_15(Bridges)'),
 ('Defect_15(Bridges)_Condition_4','The condition warrants a structural review to determine the effect on strength or serviceability of the element or bridge.
OR
A structural review has been completed and the defects impact strength or serviceability of the element or bridge.','SEVERE','Defect_15(Bridges)'),
 ('Defect_16(Bridges)_Condition_1','None or no measurable section loss.','GOOD','Defect_16(Bridges)'),
 ('Defect_16(Bridges)_Condition_2','Section loss less than 10% of the member thickness.','FAIR','Defect_16(Bridges)'),
 ('Defect_16(Bridges)_Condition_3','Section loss 10% or more of the member thickness, but does not warrant structural review.','POOR','Defect_16(Bridges)'),
 ('Defect_16(Bridges)_Condition_4','The condition warrants a structural review to determine the effect on strength or serviceability of the element or bridge.
OR
A structural review has been completed and the defects impact strength or serviceability of the element or bridge.','SEVERE','Defect_16(Bridges)'),
 ('Defect_17(Bridges)_Condition_1','None','GOOD','Defect_17(Bridges)'),
 ('Defect_17(Bridges)_Condition_2','Initiated breakdown or deterioration.','FAIR','Defect_17(Bridges)'),
 ('Defect_17(Bridges)_Condition_3','Significant deterioration or breakdown, but does not warrant structural review.','POOR','Defect_17(Bridges)'),
 ('Defect_17(Bridges)_Condition_4','','SEVERE','Defect_17(Bridges)'),
 ('Defect_18(Bridges)_Condition_1','None','GOOD','Defect_18(Bridges)'),
 ('Defect_18(Bridges)_Condition_2','Distortion not requiring mitigation or mitigated distortion.','FAIR','Defect_18(Bridges)'),
 ('Defect_18(Bridges)_Condition_3','Distortion that requires mitigation that has not been addressed, but does not warrant structural review.','POOR','Defect_18(Bridges)'),
 ('Defect_18(Bridges)_Condition_4','The condition warrants a structural review to determine the effect on strength or serviceability of the element or bridge.
OR
A structural review has been completed and the defects impact strength or serviceability of the element or bridge.','SEVERE','Defect_18(Bridges)'),
 ('Defect_19(Bridges)_Condition_1','None','GOOD','Defect_19(Bridges)'),
 ('Defect_19(Bridges)_Condition_2','Cracking or voids in less than 10% of joints.','FAIR','Defect_19(Bridges)'),
 ('Defect_19(Bridges)_Condition_3','Cracking or voids in 10% or more of the of joints','POOR','Defect_19(Bridges)'),
 ('Defect_19(Bridges)_Condition_4','The condition warrants a structural review to determine the effect on strength or serviceability of the element or bridge.
OR
A structural review has been completed and the defects impact strength or serviceability of the element or bridge.','SEVERE','Defect_19(Bridges)'),
 ('Defect_20(Bridges)_Condition_1','None','GOOD','Defect_20(Bridges)'),
 ('Defect_20(Bridges)_Condition_2','Block or stone has split or spalled with no shifting.','FAIR','Defect_20(Bridges)'),
 ('Defect_20(Bridges)_Condition_3','Block or stone has split or spalled with shifting but does not warrant a structural review.','POOR','Defect_20(Bridges)'),
 ('Defect_20(Bridges)_Condition_4','The condition warrants a structural review to determine the effect on strength or serviceability of the element or bridge.
OR
A structural review has been completed and the defects impact strength or serviceability of the element or bridge.','SEVERE','Defect_20(Bridges)'),
 ('Defect_21(Bridges)_Condition_1','None','GOOD','Defect_21(Bridges)'),
 ('Defect_21(Bridges)_Condition_2','Sound Patch','FAIR','Defect_21(Bridges)'),
 ('Defect_21(Bridges)_Condition_3','Unsound Patch','POOR','Defect_21(Bridges)'),
 ('Defect_21(Bridges)_Condition_4','The condition warrants a structural review to determine the effect on strength or serviceability of the element or bridge.
OR
A structural review has been completed and the defects impact strength or serviceability of the element or bridge.','SEVERE','Defect_21(Bridges)'),
 ('Defect_22(Bridges)_Condition_1','None','GOOD','Defect_22(Bridges)'),
 ('Defect_22(Bridges)_Condition_2','Block or stone has shifted slightly out of alignment.','FAIR','Defect_22(Bridges)'),
 ('Defect_22(Bridges)_Condition_3','Block or stone has shifted significantly out of alignment or is missing but does not warrant structural review.','POOR','Defect_22(Bridges)'),
 ('Defect_22(Bridges)_Condition_4','The condition warrants a structural review to determine the effect on strength or serviceability of the element or bridge.
OR
A structural review has been completed and the defects impact strength or serviceability of the element or bridge.','SEVERE','Defect_22(Bridges)'),
 ('Defect_23(Bridges)_Condition_1','Restraint system is functional and installed as designed.','GOOD','Defect_23(Bridges)'),
 ('Defect_23(Bridges)_Condition_2','Less than 20% of the restraint system is set improperly (excessive slack or tightness).','FAIR','Defect_23(Bridges)'),
 ('Defect_23(Bridges)_Condition_3','Between 20% and 50% of the restraint system is set improperly (excessive slack or tightness).','POOR','Defect_23(Bridges)'),
 ('Defect_23(Bridges)_Condition_4','More than 50% of the restraint system is set improperly (excessive slack or tightness).','SEVERE','Defect_23(Bridges)'),
 ('Defect_24(Bridges)_Condition_1','Free to Move.','GOOD','Defect_24(Bridges)'),
 ('Defect_24(Bridges)_Condition_2','Minor Restriction','FAIR','Defect_24(Bridges)'),
 ('Defect_24(Bridges)_Condition_3','Restricted, but not warranting structural review.','POOR','Defect_24(Bridges)'),
 ('Defect_24(Bridges)_Condition_4','The condition warrants a structural review to determine the effect on strength or serviceability of the element or bridge.
OR
A structural review has been completed and the defects impact strength or serviceability of the element or bridge.','SEVERE','Defect_24(Bridges)'),
 ('Defect_25(Bridges)_Condition_1','Lateral and vertical alignment is as expected for the temperature conditions.','GOOD','Defect_25(Bridges)'),
 ('Defect_25(Bridges)_Condition_2','Tolerable lateral or vertical alignment that is inconsistent with the temperature conditions.','FAIR','Defect_25(Bridges)'),
 ('Defect_25(Bridges)_Condition_3','Approaching the limits of lateral or vertical alignment for the bearing, but does not warrant a structural review.','POOR','Defect_25(Bridges)'),
 ('Defect_25(Bridges)_Condition_4','The condition warrants a structural review to determine the effect on strength or serviceability of the element or bridge.
OR
A structural review has been completed and the defects impact strength or serviceability of the element or bridge.','SEVERE','Defect_25(Bridges)'),
 ('Defect_26(Bridges)_Condition_1','None','GOOD','Defect_26(Bridges)'),
 ('Defect_26(Bridges)_Condition_2','Bulging less than 15% of the thickness.','FAIR','Defect_26(Bridges)'),
 ('Defect_26(Bridges)_Condition_3','Bulging 15% or more of the thickness.
Splitting or tearing.
Bearing''s surfaces are not parallel.
Does not warrant structural review.','POOR','Defect_26(Bridges)'),
 ('Defect_26(Bridges)_Condition_4','The condition warrants a structural review to determine the effect on strength or serviceability of the element or bridge.
OR
A structural review has been completed and the defects impact strength or serviceability of the element or bridge.','SEVERE','Defect_26(Bridges)'),
 ('Defect_27(Bridges)_Condition_1','None','GOOD','Defect_27(Bridges)'),
 ('Defect_27(Bridges)_Condition_2','Less than 10%','FAIR','Defect_27(Bridges)'),
 ('Defect_27(Bridges)_Condition_3','10% or more, but does not warrant structural review.','POOR','Defect_27(Bridges)'),
 ('Defect_27(Bridges)_Condition_4','The condition warrants a structural review to determine the effect on strength or serviceability of the element or bridge.
OR
A structural review has been completed and the defects impact strength or serviceability of the element or bridge.','SEVERE','Defect_27(Bridges)'),
 ('Defect_28(Bridges)_Condition_1','None','GOOD','Defect_28(Bridges)'),
 ('Defect_28(Bridges)_Condition_2','Exists within tolerable limits or arrested with no observed structural distress.','FAIR','Defect_28(Bridges)'),
 ('Defect_28(Bridges)_Condition_3','Exceeds tolerable limits, but does not warrant structural review.','POOR','Defect_28(Bridges)'),
 ('Defect_28(Bridges)_Condition_4','The condition warrants a structural review to determine the effect on strength or serviceability of the element or bridge.
OR
A structural review has been completed and the defects impact strength or serviceability of the element or bridge.','SEVERE','Defect_28(Bridges)'),
 ('Defect_29(Bridges)_Condition_1','None','GOOD','Defect_29(Bridges)'),
 ('Defect_29(Bridges)_Condition_2','Exists within tolerable limits or has been arrested with effective countermeasures.','FAIR','Defect_29(Bridges)'),
 ('Defect_29(Bridges)_Condition_3','Exceeds tolerable limits, but is less than the critical limits determined by scour evaluation and does not warrant structural review.','POOR','Defect_29(Bridges)'),
 ('Defect_29(Bridges)_Condition_4','The condition warrants a structural review to determine the effect on strength or serviceability of the element or bridge.
OR
A structural review has been completed and the defects impact strength or serviceability of the element or bridge.','SEVERE','Defect_29(Bridges)'),
 ('Defect_30_1(Bridges)_Condition_1','None','GOOD','Defect_30_1(Bridges)'),
 ('Defect_30_1(Bridges)_Condition_2','Minimal.
Minor dripping through the joint.','FAIR','Defect_30_1(Bridges)'),
 ('Defect_30_1(Bridges)_Condition_3','Moderate.
More than a drip and less than free flow of water.','POOR','Defect_30_1(Bridges)'),
 ('Defect_30_1(Bridges)_Condition_4','Free flow of water through the joint.','SEVERE','Defect_30_1(Bridges)'),
 ('Defect_31(Bridges)_Condition_1','Fully Adhered','GOOD','Defect_31(Bridges)'),
 ('Defect_31(Bridges)_Condition_2','Adhered for more than 50% of the joint height.','FAIR','Defect_31(Bridges)'),
 ('Defect_31(Bridges)_Condition_3','Adhered 50% or less of joint height but still some adhesion','POOR','Defect_31(Bridges)'),
 ('Defect_31(Bridges)_Condition_4','Complete loss of adhesion','SEVERE','Defect_31(Bridges)'),
 ('Defect_32(Bridges)_Condition_1','None','GOOD','Defect_32(Bridges)'),
 ('Defect_32(Bridges)_Condition_2','Seal abrasion without punctures.','FAIR','Defect_32(Bridges)'),
 ('Defect_32(Bridges)_Condition_3','Punctured or ripped or partially pulled out.','POOR','Defect_32(Bridges)'),
 ('Defect_32(Bridges)_Condition_4','Punctured completely through, pulled out, or missing.','SEVERE','Defect_32(Bridges)'),
 ('Defect_33(Bridges)_Condition_1','None','GOOD','Defect_33(Bridges)'),
 ('Defect_33(Bridges)_Condition_2','Surface crack','FAIR','Defect_33(Bridges)'),
 ('Defect_33(Bridges)_Condition_3','Crack that partially penetrates the seal.','POOR','Defect_33(Bridges)'),
 ('Defect_33(Bridges)_Condition_4','Crack that fully penetrates the seal.','SEVERE','Defect_33(Bridges)'),
 ('Defect_34(Bridges)_Condition_1','No debris to a shallow cover of loose debris may be evident but does not affect the performance of the joint.','GOOD','Defect_34(Bridges)'),
 ('Defect_34(Bridges)_Condition_2','Partially filled with hard- packed material, but still allowing free movement.','FAIR','Defect_34(Bridges)'),
 ('Defect_34(Bridges)_Condition_3','Completely filled and impacts joint movement.','POOR','Defect_34(Bridges)'),
 ('Defect_34(Bridges)_Condition_4','Completely filled and prevents joint movement.','SEVERE','Defect_34(Bridges)'),
 ('Defect_35(Bridges)_Condition_1','Sound.
No spall, delamination or unsound patch.','GOOD','Defect_35(Bridges)'),
 ('Defect_35(Bridges)_Condition_2','Edge delamination or spall 1 in. or less deep or 6 in. or less in diameter.
No exposed rebar.
Patched area that is sound.','FAIR','Defect_35(Bridges)'),
 ('Defect_35(Bridges)_Condition_3','Spall greater than 1 in. deep or greater than 6 in. diameter.
Exposed rebar.
Delamination or unsound patched area that makes the joint loose.','POOR','Defect_35(Bridges)'),
 ('Defect_35(Bridges)_Condition_4','Spall, delamination, unsound patched area or loose joint anchor that prevents the joint from functioning as intended.','SEVERE','Defect_35(Bridges)'),
 ('Defect_36(Bridges)_Condition_1','None','GOOD','Defect_36(Bridges)'),
 ('Defect_36(Bridges)_Condition_2','Freckled rust, metal has no cracks or impact damage.
Connection may be loose but functioning as intended.','FAIR','Defect_36(Bridges)'),
 ('Defect_36(Bridges)_Condition_3','Section loss, missing or broken fasteners, cracking of the metal or impact damage but joint still functioning','POOR','Defect_36(Bridges)'),
 ('Defect_36(Bridges)_Condition_4','Metal cracking, section loss, damage or connection failure that prevents the joint from functioning as intended.','SEVERE','Defect_36(Bridges)'),
 ('Defect_37(Bridges)_Condition_1','None','GOOD','Defect_37(Bridges)'),
 ('Defect_37(Bridges)_Condition_2','Patched area that is sound.
Partial depth pothole.','FAIR','Defect_37(Bridges)'),
 ('Defect_37(Bridges)_Condition_3','Patched area that is unsound or showing distress.
Full depth pothole.','POOR','Defect_37(Bridges)'),
 ('Defect_37(Bridges)_Condition_4','The wearing surface is no longer effective.','SEVERE','Defect_37(Bridges)'),
 ('Defect_38(Bridges)_Condition_1','Sealed Cracks','GOOD','Defect_38(Bridges)'),
 ('Defect_38(Bridges)_Condition_2','Crack width 0.250.5 inches wide.','FAIR','Defect_38(Bridges)'),
 ('Defect_38(Bridges)_Condition_3','Width of more than 0.5 in. wide','POOR','Defect_38(Bridges)'),
 ('Defect_38(Bridges)_Condition_4','The wearing surface is no longer effective.','SEVERE','Defect_38(Bridges)'),
 ('Defect_39(Bridges)_Condition_1','Fully effective.
No evidence of leakage or further deterioration of the protected element.','GOOD','Defect_39(Bridges)'),
 ('Defect_39(Bridges)_Condition_2','Substantially effective.
Deterioration of the protected element has slowed.','FAIR','Defect_39(Bridges)'),
 ('Defect_39(Bridges)_Condition_3','Limited effectiveness.
Deterioration of the protected element has progressed.','POOR','Defect_39(Bridges)'),
 ('Defect_39(Bridges)_Condition_4','The wearing surface is no longer effective.','SEVERE','Defect_39(Bridges)'),
 ('Defect_40(Bridges)_Condition_1','None','GOOD','Defect_40(Bridges)'),
 ('Defect_40(Bridges)_Condition_2','Surface Dulling','FAIR','Defect_40(Bridges)'),
 ('Defect_40(Bridges)_Condition_3','Loss of Pigment','POOR','Defect_40(Bridges)'),
 ('Defect_40(Bridges)_Condition_4','Not Applicable','SEVERE','Defect_40(Bridges)'),
 ('Defect_41(Bridges)_Condition_1','None','GOOD','Defect_41(Bridges)'),
 ('Defect_41(Bridges)_Condition_2','Finish coats only.','FAIR','Defect_41(Bridges)'),
 ('Defect_41(Bridges)_Condition_3','Finish and primer coats','POOR','Defect_41(Bridges)'),
 ('Defect_41(Bridges)_Condition_4','Exposure of bare metal','SEVERE','Defect_41(Bridges)'),
 ('Defect_42(Bridges)_Condition_1','Fully effective','GOOD','Defect_42(Bridges)'),
 ('Defect_42(Bridges)_Condition_2','Substantially effective','FAIR','Defect_42(Bridges)'),
 ('Defect_42(Bridges)_Condition_3','Limited effectiveness','POOR','Defect_42(Bridges)'),
 ('Defect_42(Bridges)_Condition_4','Failed, no protection of the underlying metal','SEVERE','Defect_42(Bridges)'),
 ('Defect_43(Bridges)_Condition_1','Yellow-orange or light brown for early development.
Chocolate-brown to purple-brown for fully developed.','GOOD','Defect_43(Bridges)'),
 ('Defect_43(Bridges)_Condition_2','Granular texture.','FAIR','Defect_43(Bridges)'),
 ('Defect_43(Bridges)_Condition_3','Small flakes, less than 1/2 in. diameter.','POOR','Defect_43(Bridges)'),
 ('Defect_43(Bridges)_Condition_4','Dark black color.','SEVERE','Defect_43(Bridges)'),
 ('Defect_44(Bridges)_Condition_1','Fully effective','GOOD','Defect_44(Bridges)'),
 ('Defect_44(Bridges)_Condition_2','Substantially effective','FAIR','Defect_44(Bridges)'),
 ('Defect_44(Bridges)_Condition_3','Limited effectiveness','POOR','Defect_44(Bridges)'),
 ('Defect_44(Bridges)_Condition_4','The protective system has failed or is no longer effective.','SEVERE','Defect_44(Bridges)'),
 ('Defect_45(Bridges)_Condition_1','None','GOOD','Defect_45(Bridges)'),
 ('Defect_45(Bridges)_Condition_2','Underlying concrete not exposed.
Coating showing wear from UV exposure.
Friction course missing','FAIR','Defect_45(Bridges)'),
 ('Defect_45(Bridges)_Condition_3','Underlying concrete is not exposed.
Thickness of the coating is reduced.','POOR','Defect_45(Bridges)'),
 ('Defect_45(Bridges)_Condition_4','Underlying concrete exposed.
Protective coating no longer effective','SEVERE','Defect_45(Bridges)'),
 ('Defect_46(Bridges)_Condition_1','Fully effective','GOOD','Defect_46(Bridges)'),
 ('Defect_46(Bridges)_Condition_2','Substantially effective','FAIR','Defect_46(Bridges)'),
 ('Defect_46(Bridges)_Condition_3','Limited effectiveness','POOR','Defect_46(Bridges)'),
 ('Defect_46(Bridges)_Condition_4','The protective system has failed or is no longer effective.','SEVERE','Defect_46(Bridges)'),
 ('Defect_9(Tunnels)_Condition_1','None','GOOD','Defect_9(Tunnels)'),
 ('Defect_9(Tunnels)_Condition_2','Freckled rust. Corrosion of the steel has initiated.','FAIR','Defect_9(Tunnels)'),
 ('Defect_9(Tunnels)_Condition_3','Section loss is evident or pack rust is present but does not warrant structural review.','POOR','Defect_9(Tunnels)'),
 ('Defect_9(Tunnels)_Condition_4','The condition warrants a structural review to determine the effect on strength or serviceability of the element or tunnel, OR a structural review has been completed and the defects impact strength and serviceability of the element or tunnel.','SEVERE','Defect_9(Tunnels)'),
 ('Defect_47_1(Tunnels)_Condition_1','None','GOOD','Defect_47_1(Tunnels)'),
 ('Defect_47_1(Tunnels)_Condition_2','Crack that has self- arrested or has been arrested with effective arrest holes, doubling plates, or similar.','FAIR','Defect_47_1(Tunnels)'),
 ('Defect_47_1(Tunnels)_Condition_3','Identified crack exists that is not arrested but does not warrant structural review.','POOR','Defect_47_1(Tunnels)'),
 ('Defect_47_1(Tunnels)_Condition_4','The condition warrants a structural review to determine the effect on strength or serviceability of the element or tunnel, OR a structural review has been completed and the defects impact strength and serviceability of the element or tunnel.','SEVERE','Defect_47_1(Tunnels)'),
 ('Defect_11(Tunnels)_Condition_1','Connection is in place and functioning as intended.','GOOD','Defect_11(Tunnels)'),
 ('Defect_11(Tunnels)_Condition_2','Loose fasteners or pack rust without distortion is present but the connection is in place and functioning as intended.','FAIR','Defect_11(Tunnels)'),
 ('Defect_11(Tunnels)_Condition_3','Missing bolts, rivets or fasteners; broken welds; or pack rust with distortion but does not warrant a structural review.','POOR','Defect_11(Tunnels)'),
 ('Defect_11(Tunnels)_Condition_4','The condition warrants a structural review to determine the effect on strength or serviceability of the element or tunnel, OR a structural review has been completed and the defects impact strength and serviceability of the element or tunnel.','SEVERE','Defect_11(Tunnels)'),
 ('Defect_18(Tunnels)_Condition_1','None','GOOD','Defect_18(Tunnels)'),
 ('Defect_18(Tunnels)_Condition_2','Distortion has received structural review and has been mitigated.','FAIR','Defect_18(Tunnels)'),
 ('Defect_18(Tunnels)_Condition_3','Distortion has received structural review and does not require mitigation.','POOR','Defect_18(Tunnels)'),
 ('Defect_18(Tunnels)_Condition_4','The condition warrants a structural review to determine the effect on strength or serviceability of the element or tunnel, OR a structural review has been completed and the defects impact strength and serviceability of the element or tunnel.','SEVERE','Defect_18(Tunnels)'),
 ('Defect_30_2(Tunnels)_Condition_1','Dry surface','GOOD','Defect_30_2(Tunnels)'),
 ('Defect_30_2(Tunnels)_Condition_2','Saturated surface indicating seepage may be present or evidence of past seepage.','FAIR','Defect_30_2(Tunnels)'),
 ('Defect_30_2(Tunnels)_Condition_3','Fully saturated surface with seepage.','POOR','Defect_30_2(Tunnels)'),
 ('Defect_30_2(Tunnels)_Condition_4','Seepage could range from dripping to flowing.','SEVERE','Defect_30_2(Tunnels)'),
 ('Defect_1(Tunnels)_Condition_1','None','GOOD','Defect_1(Tunnels)'),
 ('Defect_1(Tunnels)_Condition_2','Delaminated. Spall 1 in. or less deep or 6 in. or less in diameter. Patched area that is sound.','FAIR','Defect_1(Tunnels)'),
 ('Defect_1(Tunnels)_Condition_3','Spall greater than 1 in. deep or greater than 6 in. diameter. Patched area that is unsound or showing distress. Does not warrant structural review.','POOR','Defect_1(Tunnels)'),
 ('Defect_1(Tunnels)_Condition_4','The condition warrants a structural review to determine the effect on strength or serviceability of the element or tunnel, OR a structural review has been completed and the defects impact strength and serviceability of the element or tunnel.','SEVERE','Defect_1(Tunnels)'),
 ('Defect_2(Tunnels)_Condition_1','None','GOOD','Defect_2(Tunnels)'),
 ('Defect_2(Tunnels)_Condition_2','Present without measureable section loss.','FAIR','Defect_2(Tunnels)'),
 ('Defect_2(Tunnels)_Condition_3','Present with measureable section loss, but does not warrant structural review.','POOR','Defect_2(Tunnels)'),
 ('Defect_2(Tunnels)_Condition_4','The condition warrants a structural review to determine the effect on strength or serviceability of the element or tunnel, OR a structural review has been completed and the defects impact strength and serviceability of the element or tunnel.','SEVERE','Defect_2(Tunnels)'),
 ('Defect_3(Tunnels)_Condition_1','None','GOOD','Defect_3(Tunnels)'),
 ('Defect_3(Tunnels)_Condition_2','Surface white without build-up or leaching without rust staining.','FAIR','Defect_3(Tunnels)'),
 ('Defect_3(Tunnels)_Condition_3','Heavy build-up with rust staining.','POOR','Defect_3(Tunnels)'),
 ('Defect_3(Tunnels)_Condition_4','The condition warrants a structural review to determine the effect on strength or serviceability of the element or tunnel, OR a structural review has been completed and the defects impact strength and serviceability of the element or tunnel.','SEVERE','Defect_3(Tunnels)'),
 ('Defect_48(Tunnels)_Condition_1','None','GOOD','Defect_48(Tunnels)'),
 ('Defect_48(Tunnels)_Condition_2','Width less than 0.012 in. or spacing greater than 5.0 ft.','FAIR','Defect_48(Tunnels)'),
 ('Defect_48(Tunnels)_Condition_3','Width greater than 0.10 in. below spring line or greater than 0.012 in. above spring line or spacing of less than 1 ft.','POOR','Defect_48(Tunnels)'),
 ('Defect_48(Tunnels)_Condition_4','The condition warrants a structural review to determine the effect on strength or serviceability of the element or tunnel, OR a structural review has been completed and the defects impact strength and serviceability of the element or tunnel.','SEVERE','Defect_48(Tunnels)'),
 ('Defect_49(Tunnels)_Condition_1','None','GOOD','Defect_49(Tunnels)'),
 ('Defect_49(Tunnels)_Condition_2','Decay has started in the timber sets or lagging. No fungus growth or discoloration is present.','FAIR','Defect_49(Tunnels)'),
 ('Defect_49(Tunnels)_Condition_3','Decay has resulted in loss of strength, deflection, or crushing of the element but not of a sufficient magnitude to affect the strength and serviceability of the tunnel. Fungus growth and discoloration is present.','POOR','Defect_49(Tunnels)'),
 ('Defect_49(Tunnels)_Condition_4','The condition warrants a structural review to determine the effect on strength or serviceability of the element or tunnel, OR a structural review has been completed and the defects impact strength and serviceability of the element or tunnel.','SEVERE','Defect_49(Tunnels)'),
 ('Defect_50(Tunnels)_Condition_1','None','GOOD','Defect_50(Tunnels)'),
 ('Defect_50(Tunnels)_Condition_2','Small voids may exist in the annular space behind the lagging.','FAIR','Defect_50(Tunnels)'),
 ('Defect_50(Tunnels)_Condition_3','Large voids may exist in the annular space behind the lagging.','POOR','Defect_50(Tunnels)'),
 ('Defect_50(Tunnels)_Condition_4','The condition warrants a structural review to determine the effect on strength or serviceability of the element or tunnel, OR a structural review has been completed and the defects impact strength and serviceability of the element or tunnel.','SEVERE','Defect_50(Tunnels)'),
 ('Defect_51(Tunnels)_Condition_1','None','GOOD','Defect_51(Tunnels)'),
 ('Defect_51(Tunnels)_Condition_2','Cracks, splits or checks exist in the timber sets or lagging.','FAIR','Defect_51(Tunnels)'),
 ('Defect_51(Tunnels)_Condition_3','Cracks, splits or checks exist in the timber sets or lagging and has impacted strength and/or serviceability but does not warrant a structural review.','POOR','Defect_51(Tunnels)'),
 ('Defect_51(Tunnels)_Condition_4','The condition warrants a structural review to determine the effect on strength or serviceability of the element or tunnel, OR a structural review has been completed and the defects impact strength and serviceability of the element or tunnel.','SEVERE','Defect_51(Tunnels)'),
 ('Defect_52(Tunnels)_Condition_1','No off-set or misalignment between the timber members (good compression fit).','GOOD','Defect_52(Tunnels)'),
 ('Defect_52(Tunnels)_Condition_2','Off-set or misalignment between timber members may exist but is 0.125 in. or less.','FAIR','Defect_52(Tunnels)'),
 ('Defect_52(Tunnels)_Condition_3','Off-set or misalignment between timber members may exist and is between 0.125 in and 0.25 in.','POOR','Defect_52(Tunnels)'),
 ('Defect_52(Tunnels)_Condition_4','The condition warrants a structural review to determine the effect on strength or serviceability of the element or tunnel, OR a structural review has been completed and the defects impact strength and serviceability of the element or tunnel.','SEVERE','Defect_52(Tunnels)'),
 ('Defect_53(Tunnels)_Condition_1','None','GOOD','Defect_53(Tunnels)'),
 ('Defect_53(Tunnels)_Condition_2','Infestation has started in the timber sets or lagging.','FAIR','Defect_53(Tunnels)'),
 ('Defect_53(Tunnels)_Condition_3','Infestation exists in the timber sets or lagging and has produced loss of strength or deflection of the element but not of a sufficient magnitude to affect the strength and/or serviceability of the tunnel.','POOR','Defect_53(Tunnels)'),
 ('Defect_53(Tunnels)_Condition_4','The condition warrants a structural review to determine the effect on strength or serviceability of the element or tunnel, OR a structural review has been completed and the defects impact strength and serviceability of the element or tunnel.','SEVERE','Defect_53(Tunnels)'),
 ('Defect_54(Tunnels)_Condition_1','None','GOOD','Defect_54(Tunnels)'),
 ('Defect_54(Tunnels)_Condition_2','Loose bolts, or fasteners are present but the connection is in place and functioning as intended.','FAIR','Defect_54(Tunnels)'),
 ('Defect_54(Tunnels)_Condition_3','Missing bolts or fasteners but does not warrant a structural review.','POOR','Defect_54(Tunnels)'),
 ('Defect_54(Tunnels)_Condition_4','The condition warrants a structural review to determine the effect on strength or serviceability of the element or tunnel, OR a structural review has been completed and the defects impact strength and serviceability of the element or tunnel.','SEVERE','Defect_54(Tunnels)'),
 ('Defect_55(Tunnels)_Condition_1','None','GOOD','Defect_55(Tunnels)'),
 ('Defect_55(Tunnels)_Condition_2','Cracking or voids in less than 10% of joints.','FAIR','Defect_55(Tunnels)'),
 ('Defect_55(Tunnels)_Condition_3','Cracking or voids in 10% or more of the joints.','POOR','Defect_55(Tunnels)'),
 ('Defect_55(Tunnels)_Condition_4','The condition warrants a structural review to determine the effect on strength or serviceability of the element or tunnel, OR a structural review has been completed and the defects impact strength and serviceability of the element or tunnel.','SEVERE','Defect_55(Tunnels)'),
 ('Defect_56(Tunnels)_Condition_1','None','GOOD','Defect_56(Tunnels)'),
 ('Defect_56(Tunnels)_Condition_2','Block or stone has split or spalled with no shifting.','FAIR','Defect_56(Tunnels)'),
 ('Defect_56(Tunnels)_Condition_3','Block or stone has split or spalled with shifting but does not warrant a structural review.','POOR','Defect_56(Tunnels)'),
 ('Defect_56(Tunnels)_Condition_4','The condition warrants a structural review to determine the effect on strength or serviceability of the element or tunnel, OR a structural review has been completed and the defects impact strength and serviceability of the element or tunnel.','SEVERE','Defect_56(Tunnels)'),
 ('Defect_57(Tunnels)_Condition_1','None','GOOD','Defect_57(Tunnels)'),
 ('Defect_57(Tunnels)_Condition_2','Sound patch.','FAIR','Defect_57(Tunnels)'),
 ('Defect_57(Tunnels)_Condition_3','Unsound patch.','POOR','Defect_57(Tunnels)'),
 ('Defect_57(Tunnels)_Condition_4','The condition warrants a structural review to determine the effect on strength or serviceability of the element or tunnel, OR a structural review has been completed and the defects impact strength and serviceability of the element or tunnel.','SEVERE','Defect_57(Tunnels)'),
 ('Defect_22(Tunnels)_Condition_1','None','GOOD','Defect_22(Tunnels)'),
 ('Defect_22(Tunnels)_Condition_2','Block or stone has shifted slightly out of alignment.','FAIR','Defect_22(Tunnels)'),
 ('Defect_22(Tunnels)_Condition_3','Block or stone has shifted significantly out of alignment or is missing but does not warrant structural review.','POOR','Defect_22(Tunnels)'),
 ('Defect_22(Tunnels)_Condition_4','The condition warrants a structural review to determine the effect on strength or serviceability of the element or tunnel, OR a structural review has been completed and the defects impact strength and serviceability of the element or tunnel.','SEVERE','Defect_22(Tunnels)'),
 ('Defect_58(Tunnels)_Condition_1','No drummy rock. No blocks or slabs apparent. No shear zones are in evidence. No displacements visible along joints, cracks.','GOOD','Defect_58(Tunnels)'),
 ('Defect_58(Tunnels)_Condition_2','Any blocks or slabs are tightly interlocked with the surrounding rock and are not in danger of separating from the parent rock mass. Any displacements along shear zones, joints or cracks appear to be old, i.e. to have come about prior to the existence of the tunnel. Drummy areas are less than or equal to 1.0 ft. in diameter.','FAIR','Defect_58(Tunnels)'),
 ('Defect_58(Tunnels)_Condition_3','Any blocks or slabs that are not tightly interlocked with the surrounding rock are small, i.e. less than 1 ft. in diameter. Displacements along shear zones, joints or cracks have occurred since was constructed. Drummy areas are greater than 1.0 ft. in diameter.','POOR','Defect_58(Tunnels)'),
 ('Defect_58(Tunnels)_Condition_4','The condition warrants a structural review to determine the effect on strength or serviceability of the element or tunnel, OR a structural review has been completed and the defects impact strength and serviceability of the element or tunnel.','SEVERE','Defect_58(Tunnels)'),
 ('Defect_59(Tunnels)_Condition_1','None','GOOD','Defect_59(Tunnels)'),
 ('Defect_59(Tunnels)_Condition_2','Sound patches.','FAIR','Defect_59(Tunnels)'),
 ('Defect_59(Tunnels)_Condition_3','Unsound patches.','POOR','Defect_59(Tunnels)'),
 ('Defect_59(Tunnels)_Condition_4','The condition warrants a structural review to determine the effect on strength or serviceability of the element or tunnel, OR a structural review has been completed and the defects impact strength and serviceability of the element or tunnel.','SEVERE','Defect_59(Tunnels)'),
 ('Defect_60(Tunnels)_Condition_1','None','GOOD','Defect_60(Tunnels)'),
 ('Defect_60(Tunnels)_Condition_2','Loose or missing nuts, but bolt/dowel is in alignment and functioning as intended.','FAIR','Defect_60(Tunnels)'),
 ('Defect_60(Tunnels)_Condition_3','Loose or missing nuts; bolt/dowel out of alignment or loose.','POOR','Defect_60(Tunnels)'),
 ('Defect_60(Tunnels)_Condition_4','The condition warrants a structural review to determine the effect on strength or serviceability of the element or tunnel, OR a structural review has been completed and the defects impact strength and serviceability of the element or tunnel.','SEVERE','Defect_60(Tunnels)'),
 ('Defect_61(Tunnels)_Condition_1','None','GOOD','Defect_61(Tunnels)'),
 ('Defect_61(Tunnels)_Condition_2','Deformation or cracking of liner or supported rock.','FAIR','Defect_61(Tunnels)'),
 ('Defect_61(Tunnels)_Condition_3','Deformation or cracking and spalling of liner or supported rock.','POOR','Defect_61(Tunnels)'),
 ('Defect_61(Tunnels)_Condition_4','The condition warrants a structural review to determine the effect on strength or serviceability of the element or tunnel, OR a structural review has been completed and the defects impact strength and serviceability of the element or tunnel.','SEVERE','Defect_61(Tunnels)'),
 ('Defect_47_2(Tunnels)_Condition_1','Width less than 0.012 in. or spacing greater than 3.0 ft.','GOOD','Defect_47_2(Tunnels)'),
 ('Defect_47_2(Tunnels)_Condition_2','Width 0.012 - 0.05 in. or spacing of 1  3.0 ft.','FAIR','Defect_47_2(Tunnels)'),
 ('Defect_47_2(Tunnels)_Condition_3','Width greater than 0.05 in. or spacing of less than 1 ft.','POOR','Defect_47_2(Tunnels)'),
 ('Defect_47_2(Tunnels)_Condition_4','The condition warrants a structural review to determine the effect on strength or serviceability of the element or tunnel, OR a structural review has been completed and the defects impact strength and serviceability of the element or tunnel.','SEVERE','Defect_47_2(Tunnels)'),
 ('Defect_7(Tunnels)_Condition_1','None','GOOD','Defect_7(Tunnels)'),
 ('Defect_7(Tunnels)_Condition_2','Present without section loss.','FAIR','Defect_7(Tunnels)'),
 ('Defect_7(Tunnels)_Condition_3','Present with section loss, but does not warrant structural review.','POOR','Defect_7(Tunnels)'),
 ('Defect_7(Tunnels)_Condition_4','The condition warrants a structural review to determine the effect on strength or serviceability of the element or tunnel, OR a structural review has been completed and the defects impact strength and serviceability of the element or tunnel.','SEVERE','Defect_7(Tunnels)'),
 ('Defect_47_3(Tunnels)_Condition_1','Width less than 0.004 in. or spacing greater than 3 ft.','GOOD','Defect_47_3(Tunnels)'),
 ('Defect_47_3(Tunnels)_Condition_2','Width 0.004 - 0.009 in. or spacing of 1.0 - 3.0 ft.','FAIR','Defect_47_3(Tunnels)'),
 ('Defect_47_3(Tunnels)_Condition_3','Width greater than 0.009 in. or spacing less than 1 ft.','POOR','Defect_47_3(Tunnels)'),
 ('Defect_47_3(Tunnels)_Condition_4','The condition warrants a structural review to determine the effect on strength or serviceability of the element or tunnel, OR a structural review has been completed and the defects impact strength and serviceability of the element or tunnel.','SEVERE','Defect_47_3(Tunnels)'),
 ('Defect_62(Tunnels)_Condition_1','Good condition  no notable distress','GOOD','Defect_62(Tunnels)'),
 ('Defect_62(Tunnels)_Condition_2','Fair condition- isolated breakdowns or deterioration.','FAIR','Defect_62(Tunnels)'),
 ('Defect_62(Tunnels)_Condition_3','Poor condition  widespread deterioration or breakdowns without reducing load capacity.','POOR','Defect_62(Tunnels)'),
 ('Defect_62(Tunnels)_Condition_4','The condition warrants a structural review to determine the effect on strength or serviceability of the element or tunnel, OR a structural review has been completed and the defects impact strength and serviceability of the element or tunnel.','SEVERE','Defect_62(Tunnels)'),
 ('Defect_47_4(Tunnels)_Condition_1','Cracks are present but have not allowed the rock to shift.','GOOD','Defect_47_4(Tunnels)'),
 ('Defect_47_4(Tunnels)_Condition_2','Cracks are present and rock has minor shifting.','FAIR','Defect_47_4(Tunnels)'),
 ('Defect_47_4(Tunnels)_Condition_3','Rocks are cracked with face deformation. Rocks are missing.','POOR','Defect_47_4(Tunnels)'),
 ('Defect_47_4(Tunnels)_Condition_4','The condition warrants a structural review to determine the effect on strength or serviceability of the element or tunnel, OR a structural review has been completed and the defects impact strength and serviceability of the element or tunnel.','SEVERE','Defect_47_4(Tunnels)'),
 ('Defect_28(Tunnels)_Condition_1','None','GOOD','Defect_28(Tunnels)'),
 ('Defect_28(Tunnels)_Condition_2','Exists within tolerable limits or arrested with no observed structural distress.','FAIR','Defect_28(Tunnels)'),
 ('Defect_28(Tunnels)_Condition_3','Exceeds tolerable limits but does not warrant structural review.','POOR','Defect_28(Tunnels)'),
 ('Defect_28(Tunnels)_Condition_4','The condition warrants a structural review to determine the effect on strength or serviceability of the element or tunnel, OR a structural review has been completed and the defects impact strength and serviceability of the element or tunnel.','SEVERE','Defect_28(Tunnels)'),
 ('Defect_63(Tunnels)_Condition_1','None','GOOD','Defect_63(Tunnels)'),
 ('Defect_63(Tunnels)_Condition_2','Surface white without build-up or leaching without rust staining.','FAIR','Defect_63(Tunnels)'),
 ('Defect_63(Tunnels)_Condition_3','Heavy build-up with rust staining.','POOR','Defect_63(Tunnels)'),
 ('Defect_63(Tunnels)_Condition_4','The condition warrants a structural review to determine the effect on strength or serviceability of the element or tunnel, OR a structural review has been completed and the defects impact strength and serviceability of the element or tunnel.','SEVERE','Defect_63(Tunnels)'),
 ('Defect_64(Tunnels)_Condition_1','None','GOOD','Defect_64(Tunnels)'),
 ('Defect_64(Tunnels)_Condition_2','Isolated hangers are bowed or elongated.','FAIR','Defect_64(Tunnels)'),
 ('Defect_64(Tunnels)_Condition_3','Multiple adjacent hangers are bowed or elongated. Anchors have a gap <1/8 or are visibly elongated.','POOR','Defect_64(Tunnels)'),
 ('Defect_64(Tunnels)_Condition_4','The condition warrants a structural review to determine the effect on strength or serviceability of the element or tunnel, OR a structural review has been completed and the defects impact strength and serviceability of the element or tunnel.','SEVERE','Defect_64(Tunnels)'),
 ('Defect_65(Tunnels)_Condition_1','None','GOOD','Defect_65(Tunnels)'),
 ('Defect_65(Tunnels)_Condition_2','Displacement is visible and anchorage has received structural review and has been mitigated.','FAIR','Defect_65(Tunnels)'),
 ('Defect_65(Tunnels)_Condition_3','Displacement is visible and anchorage has received structural review and does not require mitigation.','POOR','Defect_65(Tunnels)'),
 ('Defect_65(Tunnels)_Condition_4','The condition warrants a structural review to determine the effect on strength or serviceability of the element or tunnel, OR a structural review has been completed and the defects impact strength and serviceability of the element or tunnel.','SEVERE','Defect_65(Tunnels)'),
 ('Defect_66(Tunnels)_Condition_1','Sound anchorage.','GOOD','Defect_66(Tunnels)'),
 ('Defect_66(Tunnels)_Condition_2','Cracking around anchorage areas, but concrete is sound.','FAIR','Defect_66(Tunnels)'),
 ('Defect_66(Tunnels)_Condition_3','Cracking or spalling around anchorage area and concrete is not sound.','POOR','Defect_66(Tunnels)'),
 ('Defect_66(Tunnels)_Condition_4','The condition warrants a structural review to determine the effect on strength or serviceability of the element or tunnel, OR a structural review has been completed and the defects impact strength and serviceability of the element or tunnel.','SEVERE','Defect_66(Tunnels)'),
 ('Defect_67(Tunnels)_Condition_1','Sound','GOOD','Defect_67(Tunnels)'),
 ('Defect_67(Tunnels)_Condition_2','Isolated fasteners are loose at their connections.','FAIR','Defect_67(Tunnels)'),
 ('Defect_67(Tunnels)_Condition_3','Adjacent hangers are loose. Fasteners are missing from adjacent hanger connections at isolated locations.','POOR','Defect_67(Tunnels)'),
 ('Defect_67(Tunnels)_Condition_4','The condition warrants a structural review to determine the effect on strength or serviceability of the element or tunnel, OR a structural review has been completed and the defects impact strength and serviceability of the element or tunnel.','SEVERE','Defect_67(Tunnels)'),
 ('Defect_30_3(Tunnels)_Condition_1','None','GOOD','Defect_30_3(Tunnels)'),
 ('Defect_30_3(Tunnels)_Condition_2','Minimal. Minor dripping through the joint.','FAIR','Defect_30_3(Tunnels)'),
 ('Defect_30_3(Tunnels)_Condition_3','Moderate. More than a drip and less than free flow of water.','POOR','Defect_30_3(Tunnels)'),
 ('Defect_30_3(Tunnels)_Condition_4','Free flow of water through the joint.','SEVERE','Defect_30_3(Tunnels)'),
 ('Defect_31(Tunnels)_Condition_1','Fully adhered.','GOOD','Defect_31(Tunnels)'),
 ('Defect_31(Tunnels)_Condition_2','Adhered for more than 50% of the joint height.','FAIR','Defect_31(Tunnels)'),
 ('Defect_31(Tunnels)_Condition_3','Adhered 50% or less of the joint height but still some adhesion.','POOR','Defect_31(Tunnels)'),
 ('Defect_31(Tunnels)_Condition_4','Complete loss of adhesion.','SEVERE','Defect_31(Tunnels)'),
 ('Defect_32(Tunnels)_Condition_1','None','GOOD','Defect_32(Tunnels)'),
 ('Defect_32(Tunnels)_Condition_2','Seal abrasion without punctures.','FAIR','Defect_32(Tunnels)'),
 ('Defect_32(Tunnels)_Condition_3','Punctured or ripped or partially pulled out.','POOR','Defect_32(Tunnels)'),
 ('Defect_32(Tunnels)_Condition_4','Punctured completely through, pulled out, or missing.','SEVERE','Defect_32(Tunnels)'),
 ('Defect_33(Tunnels)_Condition_1','None','GOOD','Defect_33(Tunnels)'),
 ('Defect_33(Tunnels)_Condition_2','Surface crack.','FAIR','Defect_33(Tunnels)'),
 ('Defect_33(Tunnels)_Condition_3','Crack that partially penetrates the seal.','POOR','Defect_33(Tunnels)'),
 ('Defect_33(Tunnels)_Condition_4','Crack that fully penetrates the seal.','SEVERE','Defect_33(Tunnels)'),
 ('Defect_34(Tunnels)_Condition_1','No debris to a shallow cover of loose debris may be evident but does not affect the performance of the joint.','GOOD','Defect_34(Tunnels)'),
 ('Defect_34(Tunnels)_Condition_2','Partially filled with hard-packed material, but still allowing free movement.','FAIR','Defect_34(Tunnels)'),
 ('Defect_34(Tunnels)_Condition_3','Completely filled and impacts joint movement.','POOR','Defect_34(Tunnels)'),
 ('Defect_34(Tunnels)_Condition_4','Completely filled and prevents joint movement.','SEVERE','Defect_34(Tunnels)'),
 ('Defect_35(Tunnels)_Condition_1','Sound. No spall, delamination or unsound patch.','GOOD','Defect_35(Tunnels)'),
 ('Defect_35(Tunnels)_Condition_2','Edge delamination or spall 1 in. or less deep or 6 in. or less in diameter. No exposed rebar. Patched area that is sound.','FAIR','Defect_35(Tunnels)'),
 ('Defect_35(Tunnels)_Condition_3','Spall greater than 1 in. deep or greater than 6 in. diameter. Exposed rebar. Delamination or unsound patched area that makes the joint loose.','POOR','Defect_35(Tunnels)'),
 ('Defect_35(Tunnels)_Condition_4','Spall, delamination, unsound patched area or loose joint anchor that prevents the joint from functioning as intended.','SEVERE','Defect_35(Tunnels)'),
 ('Defect_36(Tunnels)_Condition_1','None','GOOD','Defect_36(Tunnels)'),
 ('Defect_36(Tunnels)_Condition_2','Freckled rust, metal has no cracks, or impact damage. Connections may be loose but functioning as intended.','FAIR','Defect_36(Tunnels)'),
 ('Defect_36(Tunnels)_Condition_3','Section loss, missing or broken fasteners, cracking of the metal or impact damage but joint is still functioning.','POOR','Defect_36(Tunnels)'),
 ('Defect_36(Tunnels)_Condition_4','Metal cracking, section loss, damage or connection failure that prevents the joint from functioning as intended.','SEVERE','Defect_36(Tunnels)');
INSERT INTO "structure_and_components" ("structure_id","component_id") VALUES ('BR-L01','BridgeMajor_1'),
 ('BR-L01','BridgeMajor_2'),
 ('BR-L01','BridgeMajor_3'),
 ('BR-L01','BridgeMajor_4'),
 ('BR-L01','BridgeMajor_5'),
 ('BR-L01','BridgeMajor_6'),
 ('BR-L01','BridgeMajor_7'),
 ('BR-L01','BridgeMajor_8'),
 ('BR-L01','BridgeMajor_9'),
 ('BR-L01','BridgeMajor_10'),
 ('BR-L01','BridgeMajor_11'),
 ('BR-L02L BR-L02R','BridgeMajor_1'),
 ('BR-L02L BR-L02R','BridgeMajor_2'),
 ('BR-L02L BR-L02R','BridgeMajor_3'),
 ('BR-L02L BR-L02R','BridgeMajor_4'),
 ('BR-L02L BR-L02R','BridgeMajor_5'),
 ('BR-L02L BR-L02R','BridgeMajor_6'),
 ('BR-L02L BR-L02R','BridgeMajor_7'),
 ('BR-L02L BR-L02R','BridgeMajor_8'),
 ('BR-L02L BR-L02R','BridgeMajor_9'),
 ('BR-L02L BR-L02R','BridgeMajor_10'),
 ('BR-L02L BR-L02R','BridgeMajor_11'),
 ('BR-L03','BridgeMajor_1'),
 ('BR-L03','BridgeMajor_2'),
 ('BR-L03','BridgeMajor_3'),
 ('BR-L03','BridgeMajor_4'),
 ('BR-L03','BridgeMajor_5'),
 ('BR-L03','BridgeMajor_6'),
 ('BR-L03','BridgeMajor_7'),
 ('BR-L03','BridgeMajor_8'),
 ('BR-L03','BridgeMajor_9'),
 ('BR-L03','BridgeMajor_10'),
 ('BR-L03','BridgeMajor_11'),
 ('BR-L04','BridgeMajor_1'),
 ('BR-L04','BridgeMajor_2'),
 ('BR-L04','BridgeMajor_3'),
 ('BR-L04','BridgeMajor_4'),
 ('BR-L04','BridgeMajor_5'),
 ('BR-L04','BridgeMajor_6'),
 ('BR-L04','BridgeMajor_7'),
 ('BR-L04','BridgeMajor_8'),
 ('BR-L04','BridgeMajor_9'),
 ('BR-L04','BridgeMajor_10'),
 ('BR-L04','BridgeMajor_11'),
 ('BR-L05','BridgeMajor_1'),
 ('BR-L05','BridgeMajor_2'),
 ('BR-L05','BridgeMajor_3'),
 ('BR-L05','BridgeMajor_4'),
 ('BR-L05','BridgeMajor_5'),
 ('BR-L05','BridgeMajor_6'),
 ('BR-L05','BridgeMajor_7'),
 ('BR-L05','BridgeMajor_8'),
 ('BR-L05','BridgeMajor_9'),
 ('BR-L05','BridgeMajor_10'),
 ('BR-L05','BridgeMajor_11'),
 ('BR-L06','BridgeMajor_1'),
 ('BR-L06','BridgeMajor_2'),
 ('BR-L06','BridgeMajor_3'),
 ('BR-L06','BridgeMajor_4'),
 ('BR-L06','BridgeMajor_5'),
 ('BR-L06','BridgeMajor_6'),
 ('BR-L06','BridgeMajor_7'),
 ('BR-L06','BridgeMajor_8'),
 ('BR-L06','BridgeMajor_9'),
 ('BR-L06','BridgeMajor_10'),
 ('BR-L06','BridgeMajor_11'),
 ('BR-L07','BridgeMajor_1'),
 ('BR-L07','BridgeMajor_2'),
 ('BR-L07','BridgeMajor_3'),
 ('BR-L07','BridgeMajor_4'),
 ('BR-L07','BridgeMajor_5'),
 ('BR-L07','BridgeMajor_6'),
 ('BR-L07','BridgeMajor_7'),
 ('BR-L07','BridgeMajor_8'),
 ('BR-L07','BridgeMajor_9'),
 ('BR-L07','BridgeMajor_10'),
 ('BR-L07','BridgeMajor_11'),
 ('BR-L08','BridgeMajor_1'),
 ('BR-L08','BridgeMajor_2'),
 ('BR-L08','BridgeMajor_3'),
 ('BR-L08','BridgeMajor_4'),
 ('BR-L08','BridgeMajor_5'),
 ('BR-L08','BridgeMajor_6'),
 ('BR-L08','BridgeMajor_7'),
 ('BR-L08','BridgeMajor_8'),
 ('BR-L08','BridgeMajor_9'),
 ('BR-L08','BridgeMajor_10'),
 ('BR-L08','BridgeMajor_11'),
 ('BR-L09','BridgeMajor_1'),
 ('BR-L09','BridgeMajor_2'),
 ('BR-L09','BridgeMajor_3'),
 ('BR-L09','BridgeMajor_4'),
 ('BR-L09','BridgeMajor_5'),
 ('BR-L09','BridgeMajor_6'),
 ('BR-L09','BridgeMajor_7'),
 ('BR-L09','BridgeMajor_8'),
 ('BR-L09','BridgeMajor_9'),
 ('BR-L09','BridgeMajor_10'),
 ('BR-L09','BridgeMajor_11'),
 ('BR-L10','BridgeMajor_1'),
 ('BR-L10','BridgeMajor_2'),
 ('BR-L10','BridgeMajor_3'),
 ('BR-L10','BridgeMajor_4'),
 ('BR-L10','BridgeMajor_5'),
 ('BR-L10','BridgeMajor_6'),
 ('BR-L10','BridgeMajor_7'),
 ('BR-L10','BridgeMajor_8'),
 ('BR-L10','BridgeMajor_9'),
 ('BR-L10','BridgeMajor_10'),
 ('BR-L10','BridgeMajor_11'),
 ('UG-A01','TunnelMajor_1'),
 ('UG-A01','TunnelMajor_2'),
 ('UG-A01','TunnelMajor_3'),
 ('UG-A02','TunnelMajor_1'),
 ('UG-A02','TunnelMajor_2'),
 ('UG-A02','TunnelMajor_3'),
 ('UG-A03','TunnelMajor_1'),
 ('UG-A03','TunnelMajor_2'),
 ('UG-A03','TunnelMajor_3'),
 ('UG-A04','TunnelMajor_1'),
 ('UG-A04','TunnelMajor_2'),
 ('UG-A04','TunnelMajor_3');
INSERT INTO "components" ("id","name") VALUES ('BridgeMajor_1','Deck & Slabs (sq. ft.)'),
 ('BridgeMajor_2','Railings (ft.)'),
 ('BridgeMajor_3','Superstructure'),
 ('BridgeMajor_4','Bearings (Ea.)'),
 ('BridgeMajor_5','Substructure'),
 ('BridgeMajor_6','Culverts (ft.)'),
 ('BridgeMajor_7','Joints (ft.)'),
 ('BridgeMajor_8','Approach Slabs (sq. ft.)'),
 ('BridgeMajor_9','Protective Systems'),
 ('BridgeMajor_10','Walkways'),
 ('BridgeMajor_11','Soil Condition'),
 ('TunnelMajor_1','Structural Concrete'),
 ('TunnelMajor_2','Structural Steel'),
 ('TunnelMajor_3','Miscellaneous Steel');
INSERT INTO "sub_components" ("id","name","number","fdot_bhi_value","description","measure_unit","component_id","group_name") VALUES ('BridgeSubComponent_1','Deck - Reinforced Concrete',12,25,'All reinforced concrete bridge decks regardless of the wearing surface or protection systems used.','sq.ft.','BridgeMajor_1',NULL),
 ('BridgeSubComponent_2','Deck  Prestressed Concrete',13,30,'All prestressed concrete bridge decks regardless of the wearing surface or protection systems used.','sq.ft.','BridgeMajor_1',NULL),
 ('BridgeSubComponent_3','Top Flange - Prestressed Concrete',15,25,'All prestressed bridge girder top flanges where traffic rides directly on the structural element
regardless of the wearing surface or protection systems used. These bridge types include only
concrete bulb-tees, box girders, and girders that require traffic to ride on the top flange. Use in
conjunction with the appropriate girder element.','sq.ft.','BridgeMajor_1',NULL),
 ('BridgeSubComponent_4','Top Flange - Reinforced Concrete',16,25,'All reinforced concrete bridge girder top flanges where traffic rides directly on the structural element
regardless of the wearing surface or protection systems used. These bridge types include only
concrete tee-beams, box girders, and girders that require traffic to ride on the top flange. Use in
conjunction with the appropriate girder element.','sq.ft.','BridgeMajor_1',NULL),
 ('BridgeSubComponent_5','Steel Deck - Open Grid',28,27,'All open grid steel bridge decks with no fill.','sq.ft.','BridgeMajor_1',NULL),
 ('BridgeSubComponent_6','Steel Deck - Concrete Filled Grid',29,27,'Steel bridge decks with concrete fill either in all of the openings or within the wheel tracks.','sq.ft.','BridgeMajor_1',NULL),
 ('BridgeSubComponent_7','Steel Deck - Corrugated/Orthotropic/Etc.',30,49,'Those bridge decks constructed of corrugated metal filled with portland cement, asphaltic concrete,
or other riding surfaces. Orthotropic steel decks are also included.','sq.ft.','BridgeMajor_1',NULL),
 ('BridgeSubComponent_8','Deck - Timber',31,13,'All timber bridge decks regardless of the wearing surface or protection systems used.','sq.ft.','BridgeMajor_1',NULL),
 ('BridgeSubComponent_9','Slab - Reinforced Concrete',38,25,'All reinforced concrete bridge slabs regardless of the wearing surface or protection systems used.','sq.ft.','BridgeMajor_1',NULL),
 ('BridgeSubComponent_10','Slab - Prestressed Concrete',39,NULL,'All prestressed concrete bridge slabs regardless of the wearing surface or protection systems used.','sq.ft.','BridgeMajor_1',NULL),
 ('BridgeSubComponent_11','Slab - Timber',54,12,'All timber bridge slabs regardless of the wearing surface or protection systems used.','sq.ft.','BridgeMajor_1',NULL),
 ('BridgeSubComponent_12','Deck - Other',60,25,'All bridge decks constructed of other materials not otherwise defined regardless of the wearing
surface or protection systems used.','sq.ft.','BridgeMajor_1',NULL),
 ('BridgeSubComponent_13','Slab - Other',65,25,'All slabs constructed of other materials not otherwise defined regardless of the wearing surface or
protection systems used.','sq.ft.','BridgeMajor_1',NULL),
 ('BridgeSubComponent_14','Bridge Railing - Metal',330,16,'All types and shapes of metal bridge railing. Steel, aluminum, metal beam, rolled shapes, etc. will all
be considered part of this element. Included in this element are the posts of metal, timber or
concrete, blocking, and curb.','ft.','BridgeMajor_2',NULL),
 ('BridgeSubComponent_15','Bridge Railing - Reinforced Concrete',331,14,'All types and shapes of reinforced concrete bridge railing. All elements of the railing must be concrete.','ft.','BridgeMajor_2',NULL),
 ('BridgeSubComponent_16','Bridge Railing - Timber',332,14,'All types and shapes of timber bridge railing. Included in this element are posts of timber, metal, or
concrete, blocking, and curb.','ft.','BridgeMajor_2',NULL),
 ('BridgeSubComponent_17','Bridge Railing - Other',333,13,'All types and shapes of bridge railing except those defined as metal, concrete, timber, or masonry.
Use this element for combination rails that have concrete parapets and metal top sections attached.','ft.','BridgeMajor_2',NULL),
 ('BridgeSubComponent_18','Bridge Railing - Masonry',334,14,'All types and shapes of masonry block or stone bridge railing. All elements of the railing must be
masonry block or stone.','ft.','BridgeMajor_2',NULL),
 ('BridgeSubComponent_19','Closed Web/Box Girder - Steel',102,53,'All steel box girders or closed web girders. For all box girders regardless of protective system.','ft.','BridgeMajor_3',NULL),
 ('BridgeSubComponent_20','Closed Web/Box Girder - Prestressed Concrete',104,70,'All pretensioned or post-tensioned concrete closed web girders or box girders. For all box girders
regardless of protective system.','ft.','BridgeMajor_3',NULL),
 ('BridgeSubComponent_21','Closed Web/Box Girder - Reinforced Concrete',105,30,'All reinforced concrete box girders or closed web girders. For all box girders regardless of protective
system.','ft.','BridgeMajor_3',NULL),
 ('BridgeSubComponent_22','Closed Web/Box Girder - Other',106,62,'All other material box girders or closed web girders. For all other material box girders regardless of
protective system.','ft.','BridgeMajor_3',NULL),
 ('BridgeSubComponent_23','Open Girder/Beam - Steel',107,49,'All steel open girders regardless of protective system.','ft.','BridgeMajor_3',NULL),
 ('BridgeSubComponent_24','Open Girder/Beam - Prestressed Concrete',109,46,'Pretensioned or post-tensioned concrete open web girders regardless of protective system.','ft.','BridgeMajor_3',NULL),
 ('BridgeSubComponent_25','Open Girder/Beam - Reinforced Concrete',110,33,'Mild steel reinforced concrete open web girders regardless of protective system.','ft.','BridgeMajor_3',NULL),
 ('BridgeSubComponent_26','Open Girder/Beam - Timber',111,26,'All timber open girders regardless of protection system.','ft.','BridgeMajor_3',NULL),
 ('BridgeSubComponent_27','Open Girder/Beam - Other',112,30,'All other material girders regardless of protection system.','ft.','BridgeMajor_3',NULL),
 ('BridgeSubComponent_28','Truss - Steel',120,50,'All steel truss elements, including all tension and compression members for through and deck trusses.
It is for all trusses regardless of protective system.','ft.','BridgeMajor_3',NULL),
 ('BridgeSubComponent_29','Truss - Timber',135,31,'All timber truss elements, including all tension and compression members for through and deck
trusses. It is for all trusses regardless of protective system.','ft.','BridgeMajor_3',NULL),
 ('BridgeSubComponent_30','Truss - Other',136,31,'All other material truss elements, including all tension and compression members, and through and
deck trusses. It is for all other material trusses regardless of protective system.','ft.','BridgeMajor_3',NULL),
 ('BridgeSubComponent_31','Arch - Steel',141,50,'Steel arches regardless of type or protective system.','ft.','BridgeMajor_3',NULL),
 ('BridgeSubComponent_32','Arch - Other',142,15,'Other material arches regardless of type or protective system.','ft.','BridgeMajor_3',NULL),
 ('BridgeSubComponent_33','Arch - Prestressed Concrete',143,15,'Only pretensioned or post-tensioned concrete arches regardless of protective system.','ft.','BridgeMajor_3',NULL),
 ('BridgeSubComponent_34','Arch - Reinforced Concrete',144,15,'Only mild steel reinforced concrete arches regardless of protective system.','ft.','BridgeMajor_3',NULL),
 ('BridgeSubComponent_35','Arch - Masonry',145,15,'Masonry or stacked stone arches regardless of protective system.','ft.','BridgeMajor_3',NULL),
 ('BridgeSubComponent_36','Arch - Timber',146,37,'Only timber arches regardless of protective system.','ft.','BridgeMajor_3',NULL),
 ('BridgeSubComponent_37','Stringer - Steel',113,18,'Steel members that support the deck in a stringer floor beam system regardless of protective system.','ft.','BridgeMajor_3',NULL),
 ('BridgeSubComponent_38','Stringer - Prestressed Concrete',115,46,'Pretensioned or post-tensioned concrete members that support the deck in a stringer floor beam
system regardless of protective system.','ft.','BridgeMajor_3',NULL),
 ('BridgeSubComponent_39','Stringer - Reinforced Concrete',116,33,'Mild steel reinforced concrete members that support the deck in a stringer floor beam system
regardless of protective system.','ft.','BridgeMajor_3',NULL),
 ('BridgeSubComponent_40','Stringer - Timber',117,15,'Timber members that support the deck in a stringer floor beam system regardless of protective
system.','ft.','BridgeMajor_3',NULL),
 ('BridgeSubComponent_41','Stringer - Other',118,46,'All other material stringers regardless of protection system.','ft.','BridgeMajor_3',NULL),
 ('BridgeSubComponent_42','Floor Beam - Steel',152,17,'Steel floor beams that typically support stringers regardless of protective system.','ft.','BridgeMajor_3',NULL),
 ('BridgeSubComponent_43','Floor Beam - Prestressed Concrete',154,12,'Prestressed concrete floor beams that typically support stringers regardless of protective system.','ft.','BridgeMajor_3',NULL),
 ('BridgeSubComponent_44','Floor Beam - Reinforced Concrete',155,21,'Mild steel reinforced concrete floor beams that typically support stringers regardless of protective
system.','ft.','BridgeMajor_3',NULL),
 ('BridgeSubComponent_45','Floor Beam - Timber',156,15,'Timber floor beams that typically support stringers regardless of protective system.','ft.','BridgeMajor_3',NULL),
 ('BridgeSubComponent_46','Floor Beam - Other',157,21,'Other material floor beams that typically support stringers regardless of protective system.','ft.','BridgeMajor_3',NULL),
 ('BridgeSubComponent_47','Cables - Main Steel',147,80,'All steel main suspension or cable stay cables not embedded in concrete.
For all cable groups regardless of protective systems.','ft.','BridgeMajor_3',NULL),
 ('BridgeSubComponent_48','Cables - Secondary Steel',148,50,'All steel suspender cables not embedded in concrete.
For all individual or cable groups regardless of protective system.','Each','BridgeMajor_3',NULL),
 ('BridgeSubComponent_49','Cables - Secondary Other',149,24,'All other material cables not embedded in concrete.
For all individual other material cables or cable groups regardless of protective systems.','Each','BridgeMajor_3',NULL),
 ('BridgeSubComponent_50','Steel Pin and Pin & Hanger Assembly',161,70,'Steel pins and pin and hanger assemblies regardless of protective system.','Each','BridgeMajor_3',NULL),
 ('BridgeSubComponent_51','Steel Gusset Plate',162,13,'Only those steel gusset plate(s) connections that are on the main truss/arch panel(s).
These connections can be constructed with one or more plates that may be bolted, riveted, or
welded. For all gusset plates regardless of protective system.','Each','BridgeMajor_3',NULL),
 ('BridgeSubComponent_52','Railroad Car Frame',170,NULL,'This member defines all superstructures composed of railroad car frames.','ft.','BridgeMajor_3',NULL),
 ('BridgeSubComponent_53','Miscellaneous Steel Superstructures',171,NULL,'This member is intended to be used for all other miscellaneous steel superstructure elements that
were not previously defined.
Examples of such structures includes army steel tread way, boat hatch cover, army steel pontoon, etc.
The entire superstructure area (equivalent deck area) composed of these miscellaneous elements will
be treated as an each regardless of the number of spans.','Each','BridgeMajor_3',NULL),
 ('BridgeSubComponent_54','EQ Restrainer Cables  Type II',180,NULL,'This member defines seismic restrainer cables used for hinges with long hinge seats (>9 inches) and
occasionally in combination with pipe seat extenders. The standard length varies from fifteen to forty
feet and the restrainer system at a hinge may consist of six to twelve cables.','Each Unit','BridgeMajor_3',NULL),
 ('BridgeSubComponent_55','EQ Restrainer Cables  C1',181,NULL,'This member defines seismic restrainer cables used for hinges with short hinge seats (<9 inches).
The current standard number of cables per drum is five. The original systems consisted of seven
cables per drum.','Each Unit','BridgeMajor_3',NULL),
 ('BridgeSubComponent_56','EQ Restrainer Cables - Other',182,NULL,'This element defines Seismic restrainer cables systems that are not Type II or C-1 restrainer cable
systems.','Each Unit','BridgeMajor_3',NULL),
 ('BridgeSubComponent_57','Bearing - Elastomeric',310,13,'Only those bridge bearings that are constructed primarily of elastomers, with or without fabric or
metal reinforcement.','Each','BridgeMajor_4',NULL),
 ('BridgeSubComponent_58','Bearing - Movable',311,12,'Only those bridge bearings which provide for both rotation and longitudinal movement by means of
roller, rocker, or sliding mechanisms.','Each','BridgeMajor_4',NULL),
 ('BridgeSubComponent_59','Bearing - Enclosed/Concealed',312,14,'Only those bridge bearings that are enclosed so that they are not open for detailed inspection.','Each','BridgeMajor_4',NULL),
 ('BridgeSubComponent_60','Bearing - Fixed',313,12,'Only those bridge bearings that provide for rotation only (no longitudinal movement.','Each','BridgeMajor_4',NULL),
 ('BridgeSubComponent_61','Bearing - Pot',314,13,'Those high load bearings with confined elastomer. The bearing may be fixed against horizontal
movement, guided to allow sliding in one direction, or floating to allow sliding in any direction.','Each','BridgeMajor_4',NULL),
 ('BridgeSubComponent_62','Bearing - Disk',315,13,'Those high load bearings with a hard plastic disk. This bearing may be fixed against horizontal
movement, guided to allow movement in one direction, or floating to allow sliding in any direction.','Each','BridgeMajor_4',NULL),
 ('BridgeSubComponent_63','Bearing - Other',316,13,'All other material bridge bearings regardless of translation or rotation constraints.','Each','BridgeMajor_4',NULL),
 ('BridgeSubComponent_64','Abutment - Reinforced Concrete',215,13,'Reinforced concrete abutments. This includes the material retaining the embankment and monolithic
wingwalls and abutment extensions. For all reinforced concrete abutments regardless of protective
systems.','ft.','BridgeMajor_5',NULL),
 ('BridgeSubComponent_65','Abutment - Timber',216,13,'Timber abutments, including the sheet material retaining the embankment, integral wingwalls, and
abutment extensions. For all abutments regardless of protective systems.','ft.','BridgeMajor_5',NULL),
 ('BridgeSubComponent_66','Abutment - Masonry',217,14,'Those abutments constructed of block or stone, including integral wingwalls and abutment
extensions. The block or stone may be placed with or without mortar. For all abutments regardless of
protective systems.','ft.','BridgeMajor_5',NULL),
 ('BridgeSubComponent_67','Abutment - Other',218,13,'Other material abutment systems, including the sheet material retaining the embankment, and
integral wingwalls and abutment extensions. For all abutments regardless of protective systems.','ft.','BridgeMajor_5',NULL),
 ('BridgeSubComponent_68','Abutment - Steel',219,13,'Steel abutments, including the sheet material retaining the embankment, and integral wingwalls and
abutment extensions. For all abutments regardless of protective systems.','ft.','BridgeMajor_5',NULL),
 ('BridgeSubComponent_69','Pier Cap - Steel',231,10,'Those steel pier caps that support girders and transfer load into piles or columns. For all steel pier
caps regardless of protective system.','ft.','BridgeMajor_5',NULL),
 ('BridgeSubComponent_70','Pier Cap - Prestressed Concrete',233,9,'Those prestressed concrete pier caps that support girders and transfer load into piles or columns. For
all caps regardless of protective system.','ft.','BridgeMajor_5',NULL),
 ('BridgeSubComponent_71','Pier Cap - Reinforced Concrete',234,13,'Those reinforced concrete pier caps that support girders and transfer load into piles or columns. For
all pier caps regardless of protective system.','ft.','BridgeMajor_5',NULL),
 ('BridgeSubComponent_72','Pier Cap - Timber',235,10,'Those timber pier caps that support girders that transfer load into piles, or columns. For all timber
pier caps regardless of protective system.','ft.','BridgeMajor_5',NULL),
 ('BridgeSubComponent_73','Pier Cap - Other',236,13,'Other material pier caps that support girders that transfer load into piles or columns. For all other
material pier caps regardless of protective system.','ft.','BridgeMajor_5',NULL),
 ('BridgeSubComponent_74','Column - Steel',202,30,'All steel columns regardless of protective system.','Each','BridgeMajor_5',NULL),
 ('BridgeSubComponent_75','Column - Other',203,30,'All other material columns regardless of protective system.','Each','BridgeMajor_5',NULL),
 ('BridgeSubComponent_76','Column - Prestressed Concrete',204,50,'All prestressed concrete columns regardless of protective system.','Each','BridgeMajor_5',NULL),
 ('BridgeSubComponent_77','Column - Reinforced Concrete',205,40,'All reinforced concrete columns regardless of protective system.','Each','BridgeMajor_5',NULL),
 ('BridgeSubComponent_78','Column - Timber',206,12,'All timber columns regardless of protective system.','Each','BridgeMajor_5',NULL),
 ('BridgeSubComponent_79','Tower - Steel',207,14,'Steel built up or framed tower supports regardless of protective system.','ft.','BridgeMajor_5',NULL),
 ('BridgeSubComponent_80','Trestle - Timber',208,12,'Framed timber supports. For all timber trestle/towers regardless of protective system.','ft.','BridgeMajor_5',NULL),
 ('BridgeSubComponent_81','Pier Wall - Reinforced Concrete',210,11,'Reinforced concrete pier walls regardless of protective systems.','ft.','BridgeMajor_5',NULL),
 ('BridgeSubComponent_82','Pier Wall - Other',211,11,'Those pier walls constructed of other materials regardless of protective systems.','ft.','BridgeMajor_5',NULL),
 ('BridgeSubComponent_83','Pier Wall - Timber',212,11,'Those timber pier walls that include pile, timber sheet material, and filler. For all pier walls regardless
of protective systems.','ft.','BridgeMajor_5',NULL),
 ('BridgeSubComponent_84','Pier Wall - Masonry',213,11,'Those pier walls constructed of block or stone. The block or stone may be placed with or without
mortar. For all pier walls regardless of protective systems.','ft.','BridgeMajor_5',NULL),
 ('BridgeSubComponent_85','Pile Cap/Footing - Reinforced Concrete',220,10,'Reinforced concrete pile caps/footings that are visible for inspection, including pile caps/footings
exposed from erosion or scour or visible during an underwater inspection. The exposure may be
intentional or caused by erosion or scour.','ft.','BridgeMajor_5',NULL),
 ('BridgeSubComponent_86','Pile - Steel',225,10,'Steel piles that are visible for inspection, including piles exposed from erosion or scour and piles
visible during an underwater inspection. For all steel piles regardless of protective system.','Each','BridgeMajor_5',NULL),
 ('BridgeSubComponent_87','Pile - Prestressed Concrete',226,17,'Prestressed concrete piles that are visible for inspection, including piles exposed from erosion or scour
and piles visible during an underwater inspection. For all prestressed concrete piles regardless of
protective system.','Each','BridgeMajor_5',NULL),
 ('BridgeSubComponent_88','Pile - Reinforced Concrete',227,11,'Reinforced concrete piles that are visible for inspection, including piles exposed from erosion or scour
and piles visible during an underwater inspection are included. For all reinforced concrete piles
regardless of protective system.','Each','BridgeMajor_5',NULL),
 ('BridgeSubComponent_89','Pile - Timber',228,12,'Timber piles that are visible for inspection, including piles exposed from erosion or scour and piles
visible during an underwater inspection. For all timber piles regardless of protective system.','Each','BridgeMajor_5',NULL),
 ('BridgeSubComponent_90','Pile - Other',229,17,'Other material piles that are visible for inspection, including piles exposed from erosion or scour and
piles visible during an underwater inspection. For all other material piles regardless of protective
system.','Each','BridgeMajor_5',NULL),
 ('BridgeSubComponent_91','Pile - Cast in Steel Shell',251,NULL,'Steel piles filled with concrete. Not for use with steel forms for fully reinforced columns/piles.','Each','BridgeMajor_5',NULL),
 ('BridgeSubComponent_92','Pile - Cast-In-Drilled-Hole (CIDH)',252,NULL,'Reinforced concrete piles that are visible for inspection. The exposure may be intentional or caused
by scour.','Each','BridgeMajor_5',NULL),
 ('BridgeSubComponent_93','Steel Seismic Column Shells (Full Height)',254,NULL,'Seismic steel confinement shells that are full height.','Each','BridgeMajor_5',NULL),
 ('BridgeSubComponent_94','Steel Seismic Column Shells (Partial Height)',255,NULL,'Seismic steel confinement shells that are partial height.','Each','BridgeMajor_5',NULL),
 ('BridgeSubComponent_95','Slope/Scour Protection',256,NULL,'All types of erosion/scour protection for the supports; including grouted or ungrouted riprap and
concrete paving under the bridge.','EA','BridgeMajor_5',NULL),
 ('BridgeSubComponent_96','Culvert - Steel',240,26,'Steel culverts, including arched, round, or elliptical pipes.','ft.','BridgeMajor_6',NULL),
 ('BridgeSubComponent_97','Culvert - Reinforced Concrete',241,35,'Reinforced concrete culverts, including box, arched, round, or elliptical shapes.','ft.','BridgeMajor_6',NULL),
 ('BridgeSubComponent_98','Culvert - Timber',242,26,'All timber culverts.','ft.','BridgeMajor_6',NULL),
 ('BridgeSubComponent_99','Culvert - Other',243,26,'Other material type culverts, including arches, round, or elliptical pipes. These culverts are not
included in steel, concrete, or timber material types.','ft.','BridgeMajor_6',NULL),
 ('BridgeSubComponent_100','Culvert - Masonry',244,26,'Masonry block or stone culverts.','ft.','BridgeMajor_6',NULL),
 ('BridgeSubComponent_101','Culvert - Prestressed Concrete',245,35,'All prestressed concrete culverts.','ft.','BridgeMajor_6',NULL),
 ('BridgeSubComponent_102','Joint - Strip Seal Expansion',300,11,'Those expansion joint devices which utilize a neoprene type waterproof gland with some type of
metal extrusion or other system to anchor the gland.','ft.','BridgeMajor_7',NULL),
 ('BridgeSubComponent_103','Joint - Pourable Seal',301,12,'Those joints filled with a pourable seal with or without a backer.','ft.','BridgeMajor_7',NULL),
 ('BridgeSubComponent_104','Joint - Compression Seal',302,12,'Only those joints filled with a preformed compression type seal. This joint may or may not have an
anchor system to confine the seal.','ft.','BridgeMajor_7',NULL),
 ('BridgeSubComponent_105','Joint - Assembly with Seal',303,11,'Only those joints filled with an assembly mechanism that has a seal.','ft.','BridgeMajor_7',NULL),
 ('BridgeSubComponent_106','Joint - Open Expansion',304,12,'Only those joints that are open and not sealed.','ft.','BridgeMajor_7',NULL),
 ('BridgeSubComponent_107','Joint - Assembly Without Seal',305,11,'Only those assembly joints that are open and not sealed, excluding steel finger and sliding plate joints.','ft.','BridgeMajor_7',NULL),
 ('BridgeSubComponent_108','Joint - Other',306,11,'Only those other joints that are not defined by any other joint element.','ft.','BridgeMajor_7',NULL),
 ('BridgeSubComponent_109','Joint - Asphaltic Plug',307,NULL,'Only those joints with a standard asphaltic plug and shall not be used for joints paved over.','ft.','BridgeMajor_7',NULL),
 ('BridgeSubComponent_110','Joint - Steel Sliding Plates',308,NULL,'Only those joints that are open and constructed as sliding plate type joints.','ft.','BridgeMajor_7',NULL),
 ('BridgeSubComponent_111','Joint - Steel Fingers',309,NULL,'Only those joints that are steel finger joints.','ft.','BridgeMajor_7',NULL),
 ('BridgeSubComponent_112','Approach Slab - Prestressed Concrete',320,14,'Those structural sections, between the abutment and the approach pavement that are constructed of
prestressed (post-tensioned) reinforced concrete.','sq.ft.','BridgeMajor_8',NULL),
 ('BridgeSubComponent_113','Approach Slab - Reinforced Concrete',321,13,'Those structural sections between the abutment and the approach pavement that are constructed of
mild steel reinforced concrete.','sq.ft.','BridgeMajor_8',NULL),
 ('BridgeSubComponent_114','Deck Wearing Surface  Asphaltic Concrete',510,5,'All decks/slabs that have overlays made with flexible (asphaltic concrete).','sq. ft.','BridgeMajor_9',NULL),
 ('BridgeSubComponent_115','Deck Wearing Surface  Concrete (Polyester)',511,NULL,'This element is for all decks/slabs that have overlays made with rigid (portland cement) materials or
polyester concrete.','sq. ft.','BridgeMajor_9',NULL),
 ('BridgeSubComponent_116','Deck Wearing Surface - Epoxy',512,NULL,'This element is for all decks/slabs that have overlays made with epoxy materials.','sq. ft.','BridgeMajor_9',NULL),
 ('BridgeSubComponent_117','Deck Wearing Surface - Timber',513,NULL,'All timber wearing surfaces','sq. ft.','BridgeMajor_9',NULL),
 ('BridgeSubComponent_118','Steel Protective Coating - Paint',515,5,'Steel elements that have a protective coating such as paint, or other top coat steel corrosion inhibitor.','sq. ft. (surface)','BridgeMajor_9',NULL),
 ('BridgeSubComponent_119','Steel Protective Coating - Galvanization',516,NULL,'The element is for steel elements that have a protective galvanized coating system.','sq ft. (surface)','BridgeMajor_9',NULL),
 ('BridgeSubComponent_120','Steel Protective Coating - Weathering Steel',517,NULL,'Steel elements that have a protective weathering steel coating.','sq.ft. (surface)','BridgeMajor_9',NULL),
 ('BridgeSubComponent_121','Reinforcing Steel Protective System
(Rebar Coating/Cathodic)',520,5,'All types of protective systems used to protect reinforcing steel in concrete elements from corrosion.','sq.ft.','BridgeMajor_9',NULL),
 ('BridgeSubComponent_122','Concrete Protective Coating (Methacrylate/Sealer)',521,5,'Concrete elements that have a penetrating sealer applied to them. These coatings include
silane/siloxane water proofers, crack sealers such as High Molecular Weight Methacrylate (HMWM),
or any top coat barrier that protects concrete from deterioration and reinforcing steel from corrosion.','sq.ft. (surface)','BridgeMajor_9',NULL),
 ('BridgeSubComponent_123','Deck Membrane',522,NULL,'Concrete elements that have a protective membrane applied to the member. The typical
configuration is a waterproofing membrane under the AC overlay that protects the concrete from
deterioration and reinforcing steel from corrosion.','sq.ft. (surface)','BridgeMajor_9',NULL),
 ('BridgeSubComponent_124','N/A',NULL,NULL,NULL,NULL,'BridgeMajor_10',NULL),
 ('BridgeSubComponent_125','N/A',NULL,NULL,NULL,NULL,'BridgeMajor_11',NULL),
 ('TunnelSubComponent_1','Steel Tunnel Liner',10000,40,'Record this element for all steel tunnel liners. Steel tunnel liners function as a shell for the exterior of the tunnel and as a divider between different bores of the tunnel.
The area of a tunnel liner is the product of the length (along the centerline) of the tunnel and the perimeter of the liner.','area, ft2','TunnelMajor_1',NULL),
 ('TunnelSubComponent_2','Cast-in-Place Concrete Tunnel Liner',10001,30,'Record this element for all cast-in-place concrete tunnel liners. Cast-in place concrete tunnel liners function as a shell for the exterior of the tunnel and as a divider between different bores of the tunnel.
The area of a tunnel liner is the product of the length (along the centerline) of the tunnel and the perimeter of the liner.','area, ft2','TunnelMajor_1',NULL),
 ('TunnelSubComponent_3','Precast Concrete Tunnel Liner',10002,35,'Record this element for all precast concrete tunnel liners. Precast concrete tunnel liners function as a shell for the exterior of the tunnel and as a divider between different bores of the tunnel.
The area of a tunnel liner is the product of the length (along the centerline) of the tunnel and the perimeter of the liner.','area, ft2','TunnelMajor_1',NULL),
 ('TunnelSubComponent_4','Shotcrete Tunnel Liner',10003,15,'Record this element for all shotcrete tunnel liners. Shotcrete tunnel liners function as a shell for the exterior of the tunnel and as a divider between different bores of the tunnel.
The area of a tunnel liner is the product of the length (along the centerline) of the tunnel and the perimeter of the liner.','area, ft2','TunnelMajor_1',NULL),
 ('TunnelSubComponent_5','Timber Tunnel Liner',10004,10,'Record this element for all timber tunnel liners consisting of timber sets with or without timber lagging Timber tunnel liners function as a shell for the exterior of the tunnel and as a divider between different bores of the tunnel.
The area of a tunnel liner is the product of the length (along the centerline) of the tunnel and the perimeter of the liner.','area, ft2','TunnelMajor_1',NULL),
 ('TunnelSubComponent_6','Masonry Tunnel Liner',10005,10,'Record this element for all masonry tunnel liners. Masonry tunnel liners function as a shell for the exterior of the tunnel and as a divider between different bores of the tunnel.
The area of a tunnel liner is the product of the length (along the centerline) of the tunnel and the perimeter of the liner.','area, ft2','TunnelMajor_1',NULL),
 ('TunnelSubComponent_7','Unlined Rock Tunnel',10006,NULL,'Record this element for all unlined rock tunnels. Unlined rock tunnels function as the exterior of the tunnel and as a divider between different bores of the tunnel.
The area of an unlined rock tunnel is the product of the length of the tunnel (along the centerline) and the perimeter of the unlined rock.','area, ft2','TunnelMajor_1',NULL),
 ('TunnelSubComponent_8','Rock Bolt/Dowel',10007,10,'Record this element for all rock bolts or dowels.
The total number of rock bolt/dowels is the sum of all the number of rock bolts and dowels.','each','TunnelMajor_1',NULL),
 ('TunnelSubComponent_9','Other Tunnel Liner',10009,NULL,'Record this element for all tunnel liners composed of other materials. Other tunnel liners function as a shell for the exterior of the tunnel and as a divider between different bores of the tunnel.
The area of a tunnel liner is the product of the length (along the centerline) of the tunnel and the perimeter of the liner.','area, ft2','TunnelMajor_1',NULL),
 ('TunnelSubComponent_10','Steel Tunnel Roof Girders',10010,45,'Record this element for all steel tunnel roof girders. Tunnel roof girders support the tunnel roof liner or exposed rock which constitutes the tunnel roof.
The total length of tunnel roof girder is the sum of all the lengths of each tunnel roof girder.','length, ft','TunnelMajor_1',NULL),
 ('TunnelSubComponent_11','Concrete Tunnel Roof Girders',10011,35,'Record this element for all concrete tunnel roof girders. Tunnel roof girders support the tunnel roof liner or exposed rock which constitutes the tunnel roof.
The total length of tunnel roof girder is the sum of all the lengths of each tunnel roof girder.','length, ft','TunnelMajor_1',NULL),
 ('TunnelSubComponent_12','Prestressed Concrete Tunnel Roof Girders',10012,45,'Record this element for all prestressed concrete tunnel roof girders. Tunnel roof girders support the tunnel roof liner or exposed rock which constitutes the tunnel roof.
The total length of tunnel roof girder is the sum of all the lengths of each tunnel roof girder.','length, ft','TunnelMajor_1',NULL),
 ('TunnelSubComponent_13','Other Tunnel Roof Girders',10019,NULL,'Record this element for all tunnel roof girders composed of other materials. Tunnel roof girders support the tunnel roof liner or exposed rock which constitutes the tunnel roof.
The total length of tunnel roof girder is the sum of all the lengths of each tunnel roof girder.','length, ft','TunnelMajor_1',NULL),
 ('TunnelSubComponent_14','Steel Columns/Piles',10020,30,'Record this element for all steel columns/piles. Tunnel columns support the tunnel roof girders, tunnel ceiling girders and tunnel invert girders. Tunnel piles provide support for the tunnel columns.
The total number of columns/piles is the sum of all the number of columns and piles.','each','TunnelMajor_1',NULL),
 ('TunnelSubComponent_15','Concrete Columns/Piles',10021,40,'Record this element for all concrete columns/piles. Tunnel columns support the tunnel roof girders, tunnel ceiling girders tunnel invert girders. Tunnel piles provide support for the tunnel columns.
The total number of columns/piles is the sum of all the number of columns and piles.','each','TunnelMajor_1',NULL),
 ('TunnelSubComponent_16','Other Columns/Piles',10029,NULL,'Record this element for all columns/piles composed of other material. Tunnel columns support the tunnel roof girders, tunnel ceiling girders tunnel invert girders. Tunnel piles provide support for the tunnel columns.
The total number of columns/piles is the sum of all the number of columns and piles.','each','TunnelMajor_1',NULL),
 ('TunnelSubComponent_17','Steel Cross Passageway',10030,20,'Record this element for all steel cross passageways. Cross passageways are typically oriented transverse to the tunnel bores, and are comprised of doors to allow egress between separated tunnel bores.
The total length of cross passageways is the sum of all of the lengths of each cross passageway.','length, ft','TunnelMajor_1',NULL),
 ('TunnelSubComponent_18','Concrete Cross Passageway',10031,20,'Record this element for all concrete cross passageways. Cross passageways are typically oriented transverse to the tunnel bores, and are comprised of doors to allow egress between separated tunnel bores.
The total length of cross passageways is the sum of all of the lengths of each cross passageway.','length, ft','TunnelMajor_1',NULL),
 ('TunnelSubComponent_19','Shotcrete Cross Passageway',10033,10,'Record this element for all shotcrete cross passageways. Cross passageways are typically oriented transverse to the tunnel bores, and are comprised of doors to allow egress between separated tunnel bores.
The total length of cross passageways is the sum of all of the lengths of each cross passageway.','length, ft','TunnelMajor_1',NULL),
 ('TunnelSubComponent_20','Timber Cross Passageway',10034,10,'Record this element for all timber cross passageways. Cross passageways are typically oriented transverse to the tunnel bores, and are comprised of doors to allow egress between separated tunnel bores.
The total length of cross passageways is the sum of all of the lengths of each cross passageway.','length, ft','TunnelMajor_1',NULL),
 ('TunnelSubComponent_21','Masonry Cross Passageway',10035,10,'Record this element for all masonry cross passageways. Cross passageways are typically oriented transverse to the tunnel bores, and are comprised of doors to allow egress between separated tunnel bores.
The total length of cross passageways is the sum of all of the lengths of each cross passageway.','length, ft','TunnelMajor_1',NULL),
 ('TunnelSubComponent_22','Unlined Rock Cross Passageway',10036,NULL,'Record this element for all unlined rock cross passageways. Cross passageways are typically oriented transverse to the tunnel bores, and are comprised of doors to allow egress between separated tunnel bores.
The total length of cross passageways is the sum of all of the lengths of each cross passageway.','length, ft','TunnelMajor_1',NULL),
 ('TunnelSubComponent_23','Other Cross Passageway',10039,NULL,'Record this element for all other cross passageways. Cross passageways are typically oriented transverse to the tunnel bores, and are comprised of doors to allow egress between separated tunnel bores.
The total length of cross passageways is the sum of all of the lengths of each cross passageway.','length, ft','TunnelMajor_1',NULL),
 ('TunnelSubComponent_24','Concrete Interior Walls',10041,15,'Record this element for all concrete interior walls. This element defines those internal walls in tunnels which are usually placed to separate traffic travelling in opposite directions. The internal wall also serves as a barrier between tunnel segments in an emergency to protect evacuees from smoke inhalation, fire or hazardous conditions.
The area of the interior wall is the product of the length (along the centerline) of the tunnel and the height.','area, ft2','TunnelMajor_1',NULL),
 ('TunnelSubComponent_25','Other Interior Walls',10049,NULL,'Record this element for all interior walls composed of other materials. This element defines those internal walls in tunnels which are usually placed to separate traffic travelling in opposite directions. The internal wall also serves as a barrier between tunnel segments in an emergency to protect evacuees from smoke inhalation, fire or hazardous conditions.
The area of the interior wall is the product of the length (along the centerline) of the tunnel and the height.','area, ft2','TunnelMajor_1',NULL),
 ('TunnelSubComponent_26','Concrete Portal',10051,15,'Record this element for all concrete portals. This element defines the portal facade, which comprise the architectural/structural elements that are above the roadway at the opening of the tunnel bore.
The area of the portal is the product of the width and height of the portal minus the area of the roadway opening. The area may include wingwalls which retain soil and rock near the portal but does not include walls leading up to the portal.','area, ft2','TunnelMajor_1',NULL),
 ('TunnelSubComponent_27','Masonry Portal',10055,10,'Record this element for all masonry portals. This element defines the portal facade, which comprise the architectural/structural elements that are above the roadway at the opening of the tunnel bore.
The area of the portal is the product of the width and height of the portal minus the area of the roadway opening. The area may include wingwalls which retain soil and rock near the portal but does not include walls leading up to the portal.','area, ft2','TunnelMajor_1',NULL),
 ('TunnelSubComponent_28','Other Portal',10059,NULL,'Record this element for all portals composed of other materials. This element defines the portal facade, which comprise the architectural/structural elements that are above the roadway at the opening of the tunnel bore.
The area of the portal is the product of the width and height of the portal minus the area of the roadway opening. The area may include wingwalls which retain soil and rock near the portal but does not include walls leading up to the portal.','area, ft2','TunnelMajor_1',NULL),
 ('TunnelSubComponent_29','Concrete Ceiling Slab',10061,20,'Record this element for all concrete ceiling slabs. This element defines those structural slabs which separate the space above the roadway from the upper plenum.
The area of the ceiling slab is the product of the width and length of the slab.','area, ft2','TunnelMajor_1',NULL),
 ('TunnelSubComponent_30','Other Ceiling Slab',10069,NULL,'Record this element for all ceiling slabs composed of other materials. This element defines those structural slabs which separate the space above the roadway from the upper plenum.
The area of the ceiling slab is the product of the width and length of the slab.','area, ft2','TunnelMajor_1',NULL),
 ('TunnelSubComponent_31','Steel Ceiling Girder',10070,18,'Record this element for all steel ceiling girders. This element defines the girders that support the structural ceiling slabs which separate the space above the roadway from the upper plenum.
The total quantity for ceiling girder is the sum of all the lengths of each tunnel ceiling girder.','length, ft','TunnelMajor_1',NULL),
 ('TunnelSubComponent_32','Concrete Ceiling Girder',10071,20,'Record this element for all concrete ceiling girders. This element defines the girders that support the structural ceiling slabs which separate the space above the roadway from the upper plenum.
The total quantity for ceiling girder is the sum of all the lengths of each tunnel ceiling girder.','length, ft','TunnelMajor_1',NULL),
 ('TunnelSubComponent_33','Prestressed Concrete Ceiling Girder',10072,25,'Record this element for all prestressed concrete ceiling girders. This element defines the girders that support the structural ceiling slabs which separate the space above the roadway from the upper plenum.
The total quantity for ceiling girder is the sum of all the lengths of each tunnel ceiling girder.','length, ft','TunnelMajor_1',NULL),
 ('TunnelSubComponent_34','Other Ceiling Girder',10079,NULL,'Record this element for all ceiling girders composed of other materials. This element defines the girders that support the structural ceiling slabs which separate the space above the roadway from the upper plenum.
The total quantity for ceiling girder is the sum of all the lengths of each tunnel ceiling girder.','length, ft','TunnelMajor_1',NULL),
 ('TunnelSubComponent_35','Steel Hangers and Anchorages',10080,5,'Record this element for all steel hangers and anchorages. Hangers are tension members that support ceiling girders or ceiling panels. The anchorages of the hangers are typically attached to the tunnel roof and ceiling panels.
The total quantity for hangers and anchorages is the sum of all the number of hanger and anchorage units.','each','TunnelMajor_1',NULL),
 ('TunnelSubComponent_36','Other Hangers and Anchorages',10089,5,'Record this element for all hangers and anchorages composed of other materials. Hangers are tension members that support ceiling girders or ceiling panels. The anchorages of the hangers are typically attached to the tunnel roof and ceiling panels.
The total quantity for hangers and anchorages is the sum of all the number of hanger and anchorage units.','each','TunnelMajor_1',NULL),
 ('TunnelSubComponent_37','Steel Ceiling Panels',10090,8,'Record this element for all steel ceiling panels. Ceiling panels separate the upper plenum from space above the tunnel roadway. Ceiling panels are typically supported by hangers.
The area of the ceiling panel is the product of the width and length of the panel.','area, ft2','TunnelMajor_1',NULL),
 ('TunnelSubComponent_38','Concrete Ceiling Panels',10091,8,'Record this element for all concrete ceiling panels. Ceiling panels separate the upper plenum from space above the tunnel roadway. Ceiling panels are typically supported by hangers.
The area of the ceiling panel is the product of the width and length of the panel.','area, ft2','TunnelMajor_1',NULL),
 ('TunnelSubComponent_39','Other Ceiling Panels',10099,NULL,'Record this element for all ceiling panels composed of other materials. Ceiling panels separate the upper plenum from space above the tunnel roadway. Ceiling panels are typically supported by hangers.
The area of the ceiling panel is the product of the width and length of the panel.','area, ft2','TunnelMajor_1',NULL),
 ('TunnelSubComponent_40','Concrete Invert Slab',10101,30,'Record this element for all concrete invert slabs. This element defines those structural slabs which support the roadway and traffic loads.
The total area of the invert slab is the product of the width and length of the slab.','area, ft2','TunnelMajor_1',NULL),
 ('TunnelSubComponent_41','Other Invert Slab',10109,NULL,'Record this element for all invert slabs composed of other materials. This element defines those structural slabs which support the roadway and traffic loads.
The total area of the invert slab is the product of the width and length of the slab.','area, ft2','TunnelMajor_1',NULL),
 ('TunnelSubComponent_42','Concrete Slab-on-Grade',10111,25,'Record this element for all concrete slabs-on- grade. This element defines a slab that is supported continuously on a subbase material.
The area of the slab-on-grade is the product of the width and length of the slab.','area, ft2','TunnelMajor_1',NULL),
 ('TunnelSubComponent_43','Other Slab-on-Grade',10119,NULL,'Record this element for all slabs-on-grade composed of other materials. This element defines a slab that is supported continuously on a subbase material.
The area of the slab-on-grade is the product of the width and length of the slab.','area, ft2','TunnelMajor_1',NULL),
 ('TunnelSubComponent_44','Steel Invert Girder',10120,18,'Record this element for all steel invert girders. This element defines the invert girders which support the invert slabs.
The total quantity for invert girder is the sum of all the lengths of each invert girder.','length, ft','TunnelMajor_1',NULL),
 ('TunnelSubComponent_45','Concrete Invert Girder',10121,20,'Record this element for all concrete invert girders. This element defines the invert girders which support the invert slabs.
The total quantity for invert girder is the sum of all the lengths of each invert girder.','length, ft','TunnelMajor_1',NULL),
 ('TunnelSubComponent_46','Prestressed Concrete Invert Girder',10122,25,'Record this element for all prestressed concrete invert girders. This element defines the invert girders which support the invert slabs.
The total quantity for invert girder is the sum of all the lengths of each invert girder.','length, ft','TunnelMajor_1',NULL),
 ('TunnelSubComponent_47','Other Invert Girder',10129,NULL,'Record this element for all invert girders composed of other materials. This element defines the invert girders which support the invert slabs.
The total quantity for invert girder is the sum of all the lengths of each invert girder.','length, ft','TunnelMajor_1',NULL),
 ('TunnelSubComponent_48','Strip Seal Expansion Joint',10130,11,'Record this element for all strip seal expansion joints. This element defines those roadway and tunnel expansion joint devices which utilize a neoprene type waterproof gland with some type of metal extrusion or other system to anchor the gland.
The total quantity for expansion joints is the sum of all the lengths of each joint.','length, ft','TunnelMajor_1',NULL),
 ('TunnelSubComponent_49','Pourable Joint Seal',10131,12,'Record this element for all pourable joint seals. This element defines those roadway and tunnel joints filled with a pourable seal with or without a backer.
The total quantity for expansion joints is the sum of all the lengths of each joint.','length, ft','TunnelMajor_1',NULL),
 ('TunnelSubComponent_50','Compression Joint Seal',10132,12,'Record this element for all compression joint seals. This element defines those roadway and tunnel joints filled with a preformed compression type seal. This joint does not have an anchor system to confine the seal.
The total quantity for expansion joints is the sum of all the lengths of each joint.','length, ft','TunnelMajor_1',NULL),
 ('TunnelSubComponent_51','Assembly Joint With Seal',10133,11,'Record this element for all assembly joints with seals. This element defines only those roadway and tunnel joints filled with an assembly mechanism that have a seal.
The total quantity for expansion joints is the sum of all the lengths of each joint.','length, ft','TunnelMajor_1',NULL),
 ('TunnelSubComponent_52','Open Expansion Joint',10134,12,'Record this element for all open expansion joints. This element defines only those roadway and tunnel joints that are open and not sealed.
The total quantity for expansion joints is the sum of all the lengths of each joint.','length, ft','TunnelMajor_1',NULL),
 ('TunnelSubComponent_53','Assembly Joint Without Seal',10135,11,'Record this element for all assembly joints without seals. This element defines only those roadway and tunnel assembly joints that are open and not sealed. These joints include finger and sliding plate joints.
The total quantity for expansion joints is the sum of all the lengths of each joint.','length, ft','TunnelMajor_1',NULL),
 ('TunnelSubComponent_54','Other Joint',10139,11,'Record this element for all other expansion joints. This element defines those roadway and tunnel expansion joint devices which utilize a neoprene type waterproof gland with some type of metal extrusion or other system to anchor the gland.
The total quantity for expansion joints is the sum of all the lengths of each joint.','length, ft','TunnelMajor_1',NULL),
 ('TunnelSubComponent_55','Gaskets',10140,15,'Record this element for all gaskets. This element defines those roadway and tunnel gaskets which are joints between segmental tunnel liners.
The total quantity for gasket is the sum of all lengths of each gasket.','length, ft','TunnelMajor_1',NULL),
 ('TunnelSubComponent_56','Miscellaneous metal (e.g. stair stringer supports, escalator supports monorails, grating supports, etc.)',NULL,NULL,NULL,NULL,'TunnelMajor_2',NULL),
 ('TunnelSubComponent_57','Handrails, steel grated walkways, ladders, etc.',NULL,NULL,NULL,NULL,'TunnelMajor_3',NULL);
INSERT INTO "structures" ("id","name","type","primary_owner","caltrans_bridge_no","postmile","begin_stationing","end_stationing") VALUES ('BR-L01','Slauson Avenue','BRIDGES_AND_AERIAL_STRUCTURE','Los Angeles Metropoliten','53C1924R',5.2,'160+31
(L1 155+29)
(L2 155+52)','185+59
(190+60)'),
 ('BR-L02L BR-L02R','Firestone Blvd Bridge','BRIDGES_AND_AERIAL_STRUCTURE','Los Angeles Metropoliten',NULL,7.2,'272+10
(L1 263+20)','276+19
(L1 286+70)'),
 ('BR-L03','Rosecrans Viaduct','BRIDGES_AND_AERIAL_STRUCTURE','Los Angeles Metropoliten',NULL,11.34,'473+61
(L1 472+60)
(L2 469+12)','494+39
(L2 498+88)'),
 ('BR-L04','Compton Creek Bridge','BRIDGES_AND_AERIAL_STRUCTURE','Los Angeles Metropoliten',NULL,NULL,'578+15
(L1 574+20)','579+47
(L1 584+90)'),
 ('BR-L05','Dominguez Viaduct','BRIDGES_AND_AERIAL_STRUCTURE','Los Angeles Metropoliten',NULL,14.3,'637+41
(L1 632+78)
(L2 634+28)','654+31
(L1 657+85)
(L2 659+24)'),
 ('BR-L06','Del Amo Flyover','BRIDGES_AND_AERIAL_STRUCTURE','Los Angeles Metropoliten',NULL,15.4,'698+55
(L1 692+60)
(L2 690+62)','711+67
(L1 713+75)
(L2 716+95)'),
 ('BR-L07','Cota Viaduct','BRIDGES_AND_AERIAL_STRUCTURE','Los Angeles Metropoliten','53 2731',15.9,'725+94
(L1 720+00)
(L2 722+15)','744+87
(L1 750+30)'),
 ('BR-L08','Los Angeles River Bridge','BRIDGES_AND_AERIAL_STRUCTURE','Los Angeles Metropoliten',NULL,16.5,'751+85','760+35'),
 ('BR-L09','Bixby Creek Culvert','BRIDGES_AND_AERIAL_STRUCTURE','Los Angeles Metropoliten',NULL,NULL,'871+15','871+45'),
 ('BR-L10','Culvert South of Bixby Creek','BRIDGES_AND_AERIAL_STRUCTURE','Los Angeles Metropoliten',NULL,NULL,'880+75',NULL),
 ('UG-A01','Portal Cut & Cover Structure','SUBWAY_TUNNELS_USECTION','Los Angeles Metropoliten',NULL,0.02,'YR 84+50
YL 84+70
(YR 82+45)
(YL 77+22)','YR 89+75
YL 89+75'),
 ('UG-A02','Portal to Union Station East Crossover Tunnel','SUBWAY_TUNNELS_USECTION','Los Angeles Metropoliten',NULL,NULL,'89+75','97+04'),
 ('UG-A03','Union Station East Crossover Structure','SUBWAY_TUNNELS_USECTION','Los Angeles Metropoliten',NULL,0.31,'97+04','102+74'),
 ('UG-A04','Union Station','SUBWAY_TUNNELS_USECTION','Los Angeles Metropoliten',NULL,0.42,'102+74','107+80');